oracle,iters,attributes,domain,measurements,records,temperature,epsilon,seed,learning_rate,skiperror,time,error_in,error_out,baseline_in,dist_noisy
exact,10000,8,4,2,10000,3.0,1.0,2457026461,,False,63.863109827041626,0.0043155907584432,0.5764067564326393,0.0061213998822225,0.0030293360969063
exact,10000,8,4,3,10000,3.0,1.0,2457026461,,False,69.99644136428833,0.0054467944729359,0.4256035607953959,0.0091778404759066,0.006048183596253
exact,10000,8,4,1,10000,3.0,1.0,2457026461,,False,77.20370697975159,0.0023029877185005,0.7001228514547316,0.0027925647952593,0.0009870920929533
exact,10000,8,4,2,10000,3.0,1.0,2643031147,,False,75.73105072975159,0.0025719110021047,0.5165383845291436,0.0065131595605591,0.0052984662893394
exact,10000,8,4,1,10000,3.0,1.0,2643031147,,False,77.51079440116882,0.0012708709420391,0.7787057767154147,0.0028303877760451,0.0022999972820757
exact,10000,8,4,4,10000,3.0,1.0,2457026461,,False,89.98937606811523,0.0073852180399943,0.3880816433853342,0.0126007365188073,0.009233812198179
exact,10000,8,4,3,10000,3.0,1.0,2643031147,,False,83.18969321250916,0.0030763906995946,0.5262791055888131,0.0099789774742782,0.0090555411803681
exact,10000,8,4,5,10000,3.0,1.0,2457026461,,False,94.79403376579285,0.0088436048462385,0.2662837852229226,0.0162893707956375,0.0130389608423745
exact,10000,8,4,4,10000,3.0,1.0,2643031147,,False,91.2915904521942,0.0035135520081274,0.3426334591140497,0.0135913657722489,0.01264000099298
exact,10000,8,4,8,10000,3.0,1.0,2457026461,,False,110.1909408569336,0.0132920963070142,0.0683295329388206,0.0252339977408421,0.0207420570229735
exact,10000,8,4,5,10000,3.0,1.0,2643031147,,False,101.0548050403595,0.0038246848301532,0.3491114053810358,0.0164302896008402,0.015825351326326
exact,10000,8,4,7,10000,3.0,1.0,2643031147,,False,102.19492173194884,0.0036269884910058,0.0913866129783746,0.0227112575903064,0.0231187085844183
exact,10000,8,4,7,10000,3.0,1.0,2457026461,,False,112.0134162902832,0.012202656175498,0.0991811213860306,0.0224685511031667,0.0181525574777683
exact,10000,8,4,6,10000,3.0,1.0,2643031147,,False,105.17175960540771,0.0039273847948624,0.0896034223290414,0.0200259566649161,0.0201169832564113
exact,10000,8,4,6,10000,3.0,1.0,2457026461,,False,116.31178045272829,0.0105910275768484,0.271366463332089,0.0196403480609875,0.0160105191282906
exact,10000,8,4,9,10000,3.0,1.0,2457026461,,False,116.3737895488739,0.0144566854293752,0.0706005931161372,0.0285272784802792,0.0243923937569019
exact,10000,8,4,10,10000,3.0,1.0,2457026461,,False,125.6297161579132,0.0164421774345954,0.0727751592161789,0.0319379824178194,0.0271125677921109
exact,10000,8,4,11,10000,3.0,1.0,2457026461,,False,129.83101630210876,0.0174276570968871,0.0747241321980783,0.0349973797236213,0.0300674588124467
exact,10000,8,4,12,10000,3.0,1.0,2457026461,,False,136.15670609474182,0.0181656549367991,0.0751381040637657,0.0385970492491098,0.0337793991097926
exact,10000,8,4,8,10000,3.0,1.0,2643031147,,False,107.9675178527832,0.0042676583716631,0.0054567805028312,0.0260226221248566,0.0266839224429243
exact,10000,8,4,14,10000,3.0,1.0,2457026461,,False,146.11441779136658,0.0201089145393151,0.0712671447835312,0.0441468799988772,0.038877103450753
exact,10000,8,4,13,10000,3.0,1.0,2457026461,,False,147.9400715827942,0.0192397396547709,0.0780372590812433,0.0415302977224657,0.0365514039682935
exact,10000,8,4,15,10000,3.0,1.0,2457026461,,False,154.53437852859497,0.0212037941453871,0.071987477377966,0.0475562150044215,0.0418475442127754
exact,10000,8,4,9,10000,3.0,1.0,2643031147,,False,119.08299541473389,0.0047431131159154,0.0063286087715547,0.0293339246232195,0.0297733522664687
exact,10000,8,4,10,10000,3.0,1.0,2643031147,,False,122.6332356929779,0.0050289594551694,0.006250402433315,0.032174492320982,0.0326651595009456
exact,10000,8,4,11,10000,3.0,1.0,2643031147,,False,129.90548753738403,0.0052147764636771,0.0066009661641316,0.0354268415329535,0.0360471958228542
exact,10000,8,4,12,10000,3.0,1.0,2643031147,,False,136.30716800689697,0.0058377138880769,0.007241556355977,0.0381059721508223,0.0382755167703747
exact,10000,8,4,13,10000,3.0,1.0,2643031147,,False,143.54063749313354,0.0063860351490381,0.0075035431076678,0.0409399965986301,0.0412467508331001
exact,10000,8,4,14,10000,3.0,1.0,2643031147,,False,156.81676363945007,0.0063124013123189,0.0069707094662119,0.0441323764899663,0.0452708863769015
exact,10000,8,4,15,10000,3.0,1.0,2643031147,,False,172.05825352668762,0.0064810187202592,0.007325991163868,0.0479799278614198,0.0487304053433741
exact,10000,8,4,25,10000,3.0,1.0,2457026461,,False,266.4084711074829,0.0260774198623148,0.0386564208346626,0.0795015820408677,0.0748473805138241
exact,10000,8,4,20,10000,3.0,1.0,2643031147,,False,245.7131969928741,0.0074438114895707,0.0091593662862245,0.0658392757258765,0.0662638254696832
exact,10000,8,4,30,10000,3.0,1.0,2457026461,,False,352.1623783111572,0.031235952288228,0.0442085695354216,0.095420610156183,0.089529994213879
exact,10000,8,4,2,10000,3.0,1.0,2094276510,,False,75.23743009567261,0.0051214856045897,0.5494582788637646,0.0076827472206116,0.0040821686341183
exact,10000,8,4,35,10000,3.0,1.0,2457026461,,False,395.2270693778992,0.0332814030293697,0.0453778574065708,0.1111109221485925,0.105145603599721
exact,10000,8,4,1,10000,3.0,1.0,2094276510,,False,78.45750427246094,0.0027050427464862,0.6730020181675226,0.0035549553310861,0.0015476979525704
exact,10000,8,4,3,10000,3.0,1.0,2094276510,,False,83.83129906654358,0.0065181349677903,0.4085515302474974,0.0117614280396591,0.0074115106382853
exact,10000,8,4,4,10000,3.0,1.0,2094276510,,False,86.47127842903137,0.0088322156495977,0.2228493035706958,0.0153906311633028,0.0103986711460622
exact,10000,8,4,5,10000,3.0,1.0,2094276510,,False,99.56622004508972,0.009889201059012,0.2214450705377682,0.0186232095576832,0.0137466703154624
exact,10000,8,4,6,10000,3.0,1.0,2094276510,,False,105.25957012176514,0.0109263126927576,0.2261517008325988,0.0223325003505972,0.0174740090252409
exact,10000,8,4,7,10000,3.0,1.0,2094276510,,False,112.20314812660216,0.0118277820760958,0.2300488248401451,0.0256865217113424,0.0211521985926674
exact,10000,8,4,8,10000,3.0,1.0,2094276510,,False,120.28874111175536,0.0131861418105544,0.1033677807028219,0.0288705005970916,0.0236908974506989
exact,10000,8,4,10,10000,3.0,1.0,2094276510,,False,117.23486185073853,0.0158497792749916,0.1080523217260194,0.0366246562527205,0.0310190030508343
exact,10000,8,4,9,10000,3.0,1.0,2094276510,,False,125.80909943580627,0.0143420231305331,0.1051574635216986,0.0328161055131986,0.0278113746372721
exact,10000,8,4,11,10000,3.0,1.0,2094276510,,False,124.99833464622498,0.0171400799026482,0.1110903571844987,0.0398009484890874,0.0336572199910309
exact,10000,8,4,12,10000,3.0,1.0,2094276510,,False,132.32960677146912,0.0175553471191756,0.1129252803707308,0.0421603482027216,0.0366332829995184
exact,10000,8,4,13,10000,3.0,1.0,2094276510,,False,139.35057616233826,0.0187127339812335,0.11735249608498,0.0455142763971892,0.0397822665627107
exact,10000,8,4,25,10000,3.0,1.0,2643031147,,False,518.4955298900604,0.0089260145176217,0.0104530499287131,0.0823876613195658,0.082731407117004
exact,10000,8,4,14,10000,3.0,1.0,2094276510,,False,180.4136159420013,0.0190702443571793,0.0860316807136783,0.0495056563069358,0.043161150059055
exact,10000,8,4,15,10000,3.0,1.0,2094276510,,False,186.1107623577118,0.0204292214315559,0.0890099914364729,0.0527866295490895,0.0461849214086811
exact,10000,8,4,30,10000,3.0,1.0,2643031147,,False,608.049816608429,0.01014399512563,0.0114015320284038,0.0984005873004332,0.0988959694034932
exact,10000,8,4,20,10000,3.0,1.0,2094276510,,False,260.4171016216278,0.0235402324575471,0.1004584376332904,0.0709191997104676,0.066626889072597
exact,10000,8,4,40,10000,3.0,1.0,2457026461,,False,775.7564308643341,0.0346267831178514,0.0353419781191148,0.1269115614179768,0.1218333575892692
exact,10000,8,4,35,10000,3.0,1.0,2643031147,,False,676.3359792232513,0.0108146032664301,0.0111406418986527,0.113224729496267,0.1141391320380231
exact,10000,8,4,45,10000,3.0,1.0,2457026461,,False,849.888669013977,0.0372888574188885,0.0382142416226294,0.1437019126240726,0.1376576613555585
exact,10000,8,4,40,10000,3.0,1.0,2643031147,,False,783.3237648010254,0.0108038128990631,0.0107500817490418,0.1293214501491436,0.1309065062302501
exact,10000,8,4,50,10000,3.0,1.0,2457026461,,False,931.202219247818,0.0392251382106614,0.03899578956607,0.1598551703710365,0.1524438455075317
exact,10000,8,4,25,10000,3.0,1.0,2094276510,,False,434.1143071651459,0.0258868867063318,0.0304722179182496,0.0875167586990915,0.0838337154375941
exact,10000,8,4,45,10000,3.0,1.0,2643031147,,False,840.950216293335,0.0114510489801477,0.011248391791527,0.1443038294057421,0.1468542175259261
exact,10000,8,4,55,10000,3.0,1.0,2457026461,,False,1007.3138155937196,0.0393780947833542,0.026786037620592,0.1745744695889902,0.1672722226891201
exact,10000,8,4,1,10000,3.0,1.0,2378741324,,False,78.66393280029297,0.002081478947692,0.8146884909511223,0.0027754214009067,0.001374138940065
exact,10000,8,4,2,10000,3.0,1.0,2378741324,,False,75.72518110275269,0.0030089114770542,0.6070194277285691,0.0055608003190377,0.0040396527634323
exact,10000,8,4,30,10000,3.0,1.0,2094276510,,False,514.6044926643372,0.0260590132475218,0.0330011917624969,0.1037717823820102,0.1012101742224431
exact,10000,8,4,3,10000,3.0,1.0,2378741324,,False,96.61168146133424,0.0042956330590813,0.4615607008591252,0.0086482188175281,0.0065274328971713
exact,10000,8,4,50,10000,3.0,1.0,2643031147,,False,944.885290145874,0.0113265629896885,0.0120406013599447,0.1606089715284576,0.1638451929030653
exact,10000,8,4,4,10000,3.0,1.0,2378741324,,False,101.01686906814577,0.0062120012876502,0.3152827654331131,0.0117656903451463,0.0088412960642681
exact,10000,8,4,5,10000,3.0,1.0,2378741324,,False,90.3794882297516,0.0080912146821189,0.3222634063231827,0.0153541486089967,0.0119902925769386
exact,10000,8,4,55,10000,3.0,1.0,2643031147,,False,991.368486881256,0.0125189040344714,0.0204209671099375,0.1769243661236564,0.1820911479478145
exact,10000,8,4,6,10000,3.0,1.0,2378741324,,False,100.31646656990053,0.0099302153899712,0.3292765119521409,0.0189419432461433,0.014940096141293
exact,10000,8,4,7,10000,3.0,1.0,2378741324,,False,107.62662506103516,0.0102607724528358,0.3359885931873025,0.0220901364946935,0.0187572985011774
exact,10000,8,4,35,10000,3.0,1.0,2094276510,,False,608.021386384964,0.0295652850932375,0.033374793897814,0.1198175112846891,0.1163172406255277
exact,10000,8,4,9,10000,3.0,1.0,2378741324,,False,120.03448414802553,0.0124401507276116,0.0359836021477331,0.0280826819887476,0.0240217121703357
exact,10000,8,4,10,10000,3.0,1.0,2378741324,,False,126.250750541687,0.0138442778581567,0.0155752331685264,0.0311779732263291,0.0264152520850139
exact,10000,8,4,11,10000,3.0,1.0,2378741324,,False,131.58558750152588,0.0144336629574875,0.0161122664681273,0.0339061491155746,0.0290734412371302
exact,10000,8,4,12,10000,3.0,1.0,2378741324,,False,141.37033653259277,0.0149655715302591,0.0171761081414032,0.036885190044146,0.0323216858097681
exact,10000,8,4,13,10000,3.0,1.0,2378741324,,False,144.63864278793335,0.0158292188700184,0.0178966667469352,0.0403336231919288,0.0361769413561237
exact,10000,8,4,40,10000,3.0,1.0,2094276510,,False,712.2653090953827,0.0303134648272612,0.0326904971137495,0.1351476051691355,0.1319052861360987
exact,10000,8,4,14,10000,3.0,1.0,2378741324,,False,163.00480461120603,0.0170756712477779,0.0185794671942136,0.043516726078268,0.0385765793100486
exact,10000,8,4,15,10000,3.0,1.0,2378741324,,False,168.69273805618286,0.0181597052219842,0.0195783441333213,0.0473187993388459,0.0422636395796518
exact,10000,8,4,20,10000,3.0,1.0,2378741324,,False,235.25217461586,0.0202753914480332,0.022008676131163,0.0630949442094382,0.0592324308570814
exact,10000,8,4,45,10000,3.0,1.0,2094276510,,False,798.6221160888672,0.0317173662691759,0.033408164688608,0.1507558580640748,0.1482013379630409
exact,10000,8,4,25,10000,3.0,1.0,2378741324,,False,298.50406765937805,0.0220873920469168,0.023875444730101,0.0782432545600985,0.0747635284601319
exact,10000,8,4,50,10000,3.0,1.0,2094276510,,False,913.1784641742706,0.0320542489625708,0.0344461404521298,0.166905595139332,0.165345618851838
exact,10000,8,4,55,10000,3.0,1.0,2094276510,,False,993.2997879981996,0.0328161583123199,0.03333708645798,0.1812080253139854,0.1801890374040296
exact,10000,8,4,1,10000,3.0,1.0,1961979125,,False,73.11712980270386,0.0018649941381549,0.8398950113836424,0.0038877682726783,0.002867791349674
exact,10000,8,4,2,10000,3.0,1.0,1961979125,,False,72.66779971122742,0.0038815504829431,0.693998325528235,0.0065075724147981,0.004060317014059
exact,10000,8,4,3,10000,3.0,1.0,1961979125,,False,81.28753089904785,0.0051383561719297,0.5354865622218996,0.0096183021721131,0.0070435759220782
exact,10000,8,4,30,10000,3.0,1.0,2378741324,,False,573.4973859786987,0.0228671732400215,0.0242343040997029,0.0938926696818391,0.0895236449297879
exact,10000,8,4,4,10000,3.0,1.0,1961979125,,False,88.83723878860474,0.0058855847164327,0.5456710085245512,0.0122743364507593,0.0097944791042164
exact,10000,8,4,5,10000,3.0,1.0,1961979125,,False,95.99923014640808,0.0069613904071258,0.5567964939721313,0.0151249454833446,0.0121064995021999
exact,10000,8,4,35,10000,3.0,1.0,2378741324,,False,596.3096718788147,0.0248468729632605,0.0257894068157856,0.1092884244051608,0.1055937931076881
exact,10000,8,4,6,10000,3.0,1.0,1961979125,,False,89.50818085670471,0.0079542584583222,0.0202580395975415,0.0185930564592897,0.015204682969863
exact,10000,8,4,7,10000,3.0,1.0,1961979125,,False,101.9457573890686,0.00910489246392,0.0214480201657026,0.0213708477575506,0.0175573749637158
exact,10000,8,4,8,10000,3.0,1.0,1961979125,,False,109.9856789112091,0.0095795102555316,0.0220705397337135,0.0242619297361997,0.0203653713969125
exact,10000,8,4,9,10000,3.0,1.0,1961979125,,False,121.26044273376463,0.0104100428058488,0.0235916679660406,0.0273038462105093,0.0235519756884109
exact,10000,8,4,10,10000,3.0,1.0,1961979125,,False,122.61332821846008,0.0111218302586413,0.0138236047165672,0.0302077649665237,0.0264194856004191
exact,10000,8,4,11,10000,3.0,1.0,1961979125,,False,128.67665338516235,0.0114346580208146,0.0145052534566473,0.0330911130772709,0.0294922702843647
exact,10000,8,4,12,10000,3.0,1.0,1961979125,,False,135.1559340953827,0.0111339103699423,0.0141933497422199,0.0361106992041651,0.033129220953358
exact,10000,8,4,40,10000,3.0,1.0,2378741324,,False,739.1636033058167,0.0276434679904099,0.0272023882644206,0.1248065068320211,0.119856619941362
exact,10000,8,4,13,10000,3.0,1.0,1961979125,,False,143.5146083831787,0.0113884675264219,0.0147407226800725,0.0393109335920651,0.0361665011655973
exact,10000,8,4,14,10000,3.0,1.0,1961979125,,False,153.31705713272095,0.0117893973003448,0.0134089924260339,0.0432951925492249,0.0403175132222135
exact,10000,8,4,15,10000,3.0,1.0,1961979125,,False,184.34780716896057,0.0110795204530646,0.0127783788371678,0.0465628456121725,0.0444675978858232
exact,10000,8,4,45,10000,3.0,1.0,2378741324,,False,859.4697065353394,0.0308222208317982,0.0295508143158808,0.141073489465186,0.134820321960132
exact,10000,8,4,20,10000,3.0,1.0,1961979125,,False,230.4064164161682,0.0119152499495399,0.0140475382926807,0.0623043702097,0.0602534605771016
exact,10000,8,4,50,10000,3.0,1.0,2378741324,,False,928.642323732376,0.0315023884441342,0.0310243615440405,0.1572331652021892,0.152152553732655
exact,10000,8,4,25,10000,3.0,1.0,1961979125,,False,295.0219900608063,0.0129223205248157,0.0148563656359319,0.078131235297619,0.076053637947868
exact,10000,8,4,55,10000,3.0,1.0,2378741324,,False,999.1860949993134,0.0330182560046881,0.0234111502099218,0.1742355725240839,0.1694322917551057
exact,10000,8,4,30,10000,3.0,1.0,1961979125,,False,344.3619556427002,0.0135397937088849,0.0153013252715982,0.095273431407253,0.0935546178172467
exact,10000,8,4,35,10000,3.0,1.0,1961979125,,False,377.3625922203064,0.0142020584584119,0.016355695380182,0.110466932492994,0.1092982092759324
exact,10000,8,4,40,10000,3.0,1.0,1961979125,,False,423.0347819328308,0.0144018330493115,0.0151650502998378,0.1241598272796898,0.1237502943821785
exact,10000,8,4,45,10000,3.0,1.0,1961979125,,False,805.4639356136322,0.0125197248820352,0.0125102040987394,0.1408346803340594,0.1417872967200394
exact,10000,8,4,50,10000,3.0,1.0,1961979125,,False,896.8675918579102,0.0121962635647087,0.0142767705848809,0.1558195747048825,0.1566352412272068
exact,10000,8,4,55,10000,3.0,1.0,1961979125,,False,993.7109887599944,0.0135020576352456,0.0151243861343346,0.172039326343269,0.1721888636955283
pairwise,10000,8,4,1,10000,3.0,1.0,2457026461,,False,40.59108972549439,0.0024609289690716,0.704664066751359,0.0027925647952593,0.0007075524271541
pairwise,10000,8,4,1,10000,3.0,1.0,2643031147,,False,38.55113506317139,0.0011905893154445,0.7793597283838699,0.0028303877760451,0.002307817093336
pairwise,10000,8,4,2,10000,3.0,1.0,2457026461,,False,68.12659287452698,0.004322630930617,0.6056934780570958,0.0061213998822225,0.003004974484033
pairwise,10000,8,4,2,10000,3.0,1.0,2643031147,,False,68.46028923988342,0.002560316110729,0.5192010376555503,0.0065131595605591,0.0053108957297164
pairwise,10000,8,4,3,10000,3.0,1.0,2457026461,,False,97.3341703414917,0.0055577690749401,0.5341296478082764,0.0091778404759066,0.0059786257427621
pairwise,10000,8,4,3,10000,3.0,1.0,2643031147,,False,98.28635621070862,0.003021960678396,0.5288760280829549,0.0099789774742782,0.0090902484406338
pairwise,10000,8,4,4,10000,3.0,1.0,2457026461,,False,126.63678622245789,0.0077743353331214,0.5367242377486762,0.0126007365188073,0.008599456372647
pairwise,10000,8,4,4,10000,3.0,1.0,2643031147,,False,126.50487732887268,0.0036470464797496,0.3462983334523624,0.0135913657722489,0.0125140326584964
pairwise,10000,8,4,5,10000,3.0,1.0,2457026461,,False,155.86297392845154,0.0097205238994989,0.4842107837022274,0.0162893707956375,0.0118924223895089
pairwise,10000,8,4,5,10000,3.0,1.0,2643031147,,False,155.67635488510132,0.0042873156592467,0.3532885764849323,0.0164302896008402,0.0153952593719196
pairwise,10000,8,4,6,10000,3.0,1.0,2457026461,,False,185.90062618255607,0.0118828414888017,0.4845544647873098,0.0196403480609875,0.0145819397176959
pairwise,10000,8,4,6,10000,3.0,1.0,2643031147,,False,184.4310202598572,0.0046289530781033,0.10384149550766,0.0200259566649161,0.0198570660241392
pairwise,10000,8,4,7,10000,3.0,1.0,2457026461,,False,212.9029450416565,0.013559371579237,0.4864067180034243,0.0224685511031667,0.0158827275073616
pairwise,10000,8,4,7,10000,3.0,1.0,2643031147,,False,218.0224027633667,0.004732744384998,0.1057510202299633,0.0227112575903064,0.0229487144163622
pairwise,10000,8,4,8,10000,3.0,1.0,2457026461,,False,241.56789350509644,0.0151479753688696,0.4875315460119099,0.0252339977408421,0.0179830840298525
pairwise,10000,8,4,8,10000,3.0,1.0,2643031147,,False,244.84762454032887,0.0055486860714217,0.0272857632586201,0.0260226221248566,0.02644071492565
pairwise,10000,8,4,9,10000,3.0,1.0,2457026461,,False,272.296692609787,0.0171376807922577,0.4877509662619012,0.0285272784802792,0.020615786589832
pairwise,10000,8,4,9,10000,3.0,1.0,2643031147,,False,273.1759104728699,0.006375359021329,0.0277097838703963,0.0293339246232195,0.0294222766278002
pairwise,10000,8,4,10,10000,3.0,1.0,2457026461,,False,297.02016520500183,0.0192636352785167,0.4898777591560862,0.0319379824178194,0.0229124341486892
pairwise,10000,8,4,11,10000,3.0,1.0,2457026461,,False,325.19972038269043,0.0206106533377269,0.492069321625341,0.0349973797236213,0.0254555260654807
pairwise,10000,8,4,12,10000,3.0,1.0,2457026461,,False,349.40758657455444,0.0225099002726565,0.4945381727494418,0.0385970492491098,0.0283302861099599
pairwise,10000,8,4,10,10000,3.0,1.0,2643031147,,False,322.8988118171692,0.0066328191806001,0.0278742297663544,0.032174492320982,0.0324593117500428
pairwise,10000,8,4,13,10000,3.0,1.0,2457026461,,False,386.57913732528687,0.024353564164379,0.4960562420774254,0.0415302977224657,0.0302478479338885
pairwise,10000,8,4,11,10000,3.0,1.0,2643031147,,False,332.4403336048126,0.007367236084377,0.0277920938505108,0.0354268415329535,0.0353682153821501
pairwise,10000,8,4,14,10000,3.0,1.0,2457026461,,False,414.702700138092,0.0258041883696079,0.5005565521999928,0.0441468799988772,0.0316768509976257
pairwise,10000,8,4,12,10000,3.0,1.0,2643031147,,False,365.2662320137024,0.0083375919891144,0.0275174545612614,0.0381059721508223,0.0372943699287521
pairwise,10000,8,4,15,10000,3.0,1.0,2457026461,,False,437.9310450553894,0.0272857741510746,0.4993276836560081,0.0475562150044215,0.0346849961002061
pairwise,10000,8,4,13,10000,3.0,1.0,2643031147,,False,391.1849918365479,0.0090759519299949,0.0281500503035065,0.0409399965986301,0.0401042478691168
pairwise,10000,8,4,14,10000,3.0,1.0,2643031147,,False,424.5602629184723,0.0095407049613272,0.0267235471236415,0.0441323764899663,0.0441153023206193
pairwise,10000,8,4,15,10000,3.0,1.0,2643031147,,False,448.6297957897186,0.0099401935607471,0.027687663022398,0.0479799278614198,0.0475727800696047
pairwise,10000,8,4,20,10000,3.0,1.0,2457026461,,False,600.5159096717834,0.0341730461698335,0.497665451804472,0.064127892728125,0.0482589053757954
pairwise,10000,8,4,20,10000,3.0,1.0,2643031147,,False,591.7213468551636,0.0136799114533342,0.0303193300641151,0.0658392757258765,0.0642552438279361
pairwise,10000,8,4,25,10000,3.0,1.0,2457026461,,False,734.4091894626617,0.0399554081148437,0.4933182428395077,0.0795015820408677,0.0620424764182883
pairwise,10000,8,4,30,10000,3.0,1.0,2457026461,,False,864.3792803287506,0.0482125041898373,0.502914843794474,0.095420610156183,0.0740240705472057
pairwise,10000,8,4,25,10000,3.0,1.0,2643031147,,False,732.4696061611176,0.0175240397943121,0.0350187916197961,0.0823876613195658,0.0796380296172476
pairwise,10000,8,4,35,10000,3.0,1.0,2457026461,,False,1011.6588883399965,0.0553608086478606,0.510661528412386,0.1111109221485925,0.0866594989334134
pairwise,10000,8,4,30,10000,3.0,1.0,2643031147,,False,884.7637329101562,0.0207511722090268,0.0413498086654106,0.0984005873004332,0.0947432079686401
pairwise,10000,8,4,40,10000,3.0,1.0,2457026461,,False,1174.2475192546844,0.0607814178866937,0.4828634793093192,0.1269115614179768,0.1013610912697758
pairwise,10000,8,4,35,10000,3.0,1.0,2643031147,,False,1039.135241985321,0.0233161448559603,0.044030732423706,0.113224729496267,0.1095520368052083
pairwise,10000,8,4,1,10000,3.0,1.0,2094276510,,False,38.754549741745,0.0026784664965371,0.6733210562139829,0.0035549553310861,0.0016762354607695
pairwise,10000,8,4,45,10000,3.0,1.0,2457026461,,False,1314.0952367782593,0.0681194898770706,0.4930988410061973,0.1437019126240726,0.1135612921302044
pairwise,10000,8,4,2,10000,3.0,1.0,2094276510,,False,68.61148405075073,0.0051967899944289,0.5518596051197119,0.0076827472206116,0.0040244160659463
pairwise,10000,8,4,40,10000,3.0,1.0,2643031147,,False,1183.5757176876068,0.0254050133679508,0.0436680725016023,0.1293214501491436,0.1255009471506471
pairwise,10000,8,4,50,10000,3.0,1.0,2457026461,,False,1444.269179105759,0.0744951397735948,0.477255889330672,0.1598551703710365,0.1247009991984526
pairwise,10000,8,4,3,10000,3.0,1.0,2094276510,,False,99.25970125198364,0.0075983504925393,0.4198088023884588,0.0117614280396591,0.0064111970296998
pairwise,10000,8,4,4,10000,3.0,1.0,2094276510,,False,129.39938378334045,0.0095857662861239,0.2425413825330772,0.0153906311633028,0.0090022612898904
pairwise,10000,8,4,45,10000,3.0,1.0,2643031147,,False,1319.2666008472445,0.028208578591797,0.0464820709068507,0.1443038294057421,0.1412347076157928
pairwise,10000,8,4,5,10000,3.0,1.0,2094276510,,False,159.0839400291443,0.0109405471846378,0.2451441119150212,0.0186232095576832,0.0122223075293565
pairwise,10000,8,4,55,10000,3.0,1.0,2457026461,,False,1658.317404270172,0.0791185869185094,0.4848743907229585,0.1745744695889902,0.137568861221936
pairwise,10000,8,4,6,10000,3.0,1.0,2094276510,,False,186.20946335792544,0.0124434199453564,0.2485564154299585,0.0223325003505972,0.0155575678248309
pairwise,10000,8,4,50,10000,3.0,1.0,2643031147,,False,1508.5376415252686,0.0304641611019232,0.0456353553344317,0.1606089715284576,0.1578382462991022
pairwise,10000,8,4,7,10000,3.0,1.0,2094276510,,False,210.75585055351257,0.0135852732312894,0.2530661045271277,0.0256865217113424,0.0183598148812718
pairwise,10000,8,4,8,10000,3.0,1.0,2094276510,,False,244.2522394657135,0.0147929807732261,0.1315161134568541,0.0288705005970916,0.0208053699963927
pairwise,10000,8,4,55,10000,3.0,1.0,2643031147,,False,1637.36985373497,0.0323551679986217,0.0363666629829442,0.1769243661236564,0.1762611924135013
pairwise,10000,8,4,9,10000,3.0,1.0,2094276510,,False,285.6395938396454,0.016689631109251,0.1328887753479999,0.0328161055131986,0.0244653047952354
pairwise,10000,8,4,10,10000,3.0,1.0,2094276510,,False,310.49678587913513,0.0187969475511544,0.1364528126689426,0.0366246562527205,0.0277587299341348
pairwise,10000,8,4,11,10000,3.0,1.0,2094276510,,False,332.2106442451477,0.0206019694041315,0.1390406762610486,0.0398009484890874,0.0297756112258059
pairwise,10000,8,4,12,10000,3.0,1.0,2094276510,,False,362.3268229961395,0.0216593199292657,0.1411600445088882,0.0421603482027216,0.0318876246336792
pairwise,10000,8,4,13,10000,3.0,1.0,2094276510,,False,394.2811448574066,0.0232468915197773,0.1445928014885283,0.0455142763971892,0.0345396594484261
approx2,10000,8,4,12,10000,3.0,1.0,2457026461,,False,2605.7077236175537,0.0196765629283207,0.106255866052355,0.0385970492491098,0.0319060859505786
approx2,10000,8,4,5,10000,3.0,1.0,2457026461,,False,2637.5846292972565,0.0095788694779555,0.3041762352834337,0.0162893707956375,0.0129335818913873
approx2,10000,8,4,5,10000,3.0,1.0,2643031147,,False,2639.7943148612976,0.0058327444628955,0.3503140933199697,0.0164302896008402,0.0166679771744596
approx2,10000,8,4,10,10000,3.0,1.0,2457026461,,False,2656.1521224975586,0.0173178212278595,0.1008100877350419,0.0319379824178194,0.0258689266019979
pairwise,10000,8,4,14,10000,3.0,1.0,2094276510,,False,422.50652718544006,0.0246058238316982,0.1424274448857422,0.0495056563069358,0.037775699696042
approx2,10000,8,4,7,10000,3.0,1.0,2457026461,,False,2679.3257479667664,0.0129212318222179,0.1278946456373879,0.0224685511031667,0.0173795099434653
approx2,10000,8,4,3,10000,3.0,1.0,2457026461,,False,2686.016734361649,0.0066860218990052,0.4455321221603767,0.0091778404759066,0.0073513490119386
approx2,10000,8,4,9,10000,3.0,1.0,2457026461,,False,2683.679850101471,0.0154051026727459,0.0994884563054934,0.0285272784802792,0.0230475040372304
approx2,10000,8,4,11,10000,3.0,1.0,2457026461,,False,2684.6294293403625,0.0185047693691539,0.1034468851937554,0.0349973797236213,0.0285007767869047
approx2,10000,8,4,6,10000,3.0,1.0,2643031147,,False,2676.3050129413605,0.0167427174062034,0.0932834146898869,0.0200259566649161,0.0325746301674024
approx2,10000,8,4,15,10000,3.0,1.0,2457026461,,False,2692.5150258541107,0.0233759425405716,0.1066263926084637,0.0475562150044215,0.0394139724225775
approx2,10000,8,4,1,10000,3.0,1.0,2457026461,,False,2705.240783214569,0.00533317000277,0.6998023745027026,0.0027925647952593,0.0050103947886618
approx2,10000,8,4,8,10000,3.0,1.0,2457026461,,False,2702.3009486198425,0.0141240570674987,0.0971962999117585,0.0252339977408421,0.0196498254157087
approx2,10000,8,4,14,10000,3.0,1.0,2457026461,,False,2703.965990543365,0.0218857806620689,0.1087190877223291,0.0441468799988772,0.036611235651143
approx2,10000,8,4,20,10000,3.0,1.0,2457026461,,False,2704.204015016556,0.0276286368798111,0.0596542549315397,0.064127892728125,0.0553144379815314
approx2,10000,8,4,1,10000,3.0,1.0,2643031147,,False,2691.4045383930206,0.0119052844276697,0.7796297205594079,0.0028303877760451,0.0124933343480626
approx2,10000,8,4,4,10000,3.0,1.0,2457026461,,False,2714.678945541382,0.0081481914291919,0.4112059912691389,0.0126007365188073,0.0096653134852279
approx2,10000,8,4,2,10000,3.0,1.0,2457026461,,False,2724.2626905441284,0.0083859256751404,0.5778891629339269,0.0061213998822225,0.0083899683405146
approx2,10000,8,4,6,10000,3.0,1.0,2457026461,,False,2725.2366065979004,0.0114841070068033,0.3065695959872406,0.0196403480609875,0.0155350880818035
approx2,10000,8,4,8,10000,3.0,1.0,2643031147,,False,2705.882461309433,0.0048403292777751,0.0075906427847237,0.0260226221248566,0.0268164309007176
approx2,10000,8,4,4,10000,3.0,1.0,2643031147,,False,2716.083014726639,0.0059652658174556,0.3441491501778305,0.0135913657722489,0.0139553861341609
approx2,10000,8,4,13,10000,3.0,1.0,2457026461,,False,2734.4951736927032,0.0208263917283501,0.1093409591749732,0.0415302977224657,0.0345824769656889
approx2,10000,8,4,3,10000,3.0,1.0,2643031147,,False,2723.91562128067,0.0051693209573685,0.5267563905101855,0.0099789774742782,0.0102092701613189
approx2,10000,8,4,35,10000,3.0,1.0,2457026461,,False,2738.5906007289886,0.043168723074638,0.0873007164214237,0.1111109221485925,0.097006518982945
approx2,10000,8,4,10,10000,3.0,1.0,2643031147,,False,2729.1020255088806,0.0055431509744376,0.0085356100659961,0.032174492320982,0.0327439518965179
approx2,10000,8,4,2,10000,3.0,1.0,2643031147,,False,2745.2887806892395,0.0076808541085806,0.5188614278637113,0.0065131595605591,0.0089340106859936
approx2,10000,8,4,9,10000,3.0,1.0,2643031147,,False,2751.5902388095856,0.0054496870983614,0.0086172005195556,0.0293339246232195,0.0297156054858408
approx2,10000,8,4,30,10000,3.0,1.0,2457026461,,False,2778.9354796409607,0.0378868268471855,0.0777898282453583,0.095420610156183,0.084316396049734
approx2,10000,8,4,7,10000,3.0,1.0,2643031147,,False,2766.863034009933,0.0872384480537002,0.1251646309717128,0.0227112575903064,0.1061377351386134
approx2,10000,8,4,11,10000,3.0,1.0,2643031147,,False,2743.631885051728,0.0058430653897339,0.0084907306868856,0.0354268415329535,0.0359484368350906
approx2,10000,8,4,25,10000,3.0,1.0,2457026461,,False,2795.617664813996,0.0312805444666498,0.0673445958295283,0.0795015820408677,0.0709159159162792
approx2,10000,8,4,12,10000,3.0,1.0,2643031147,,False,2738.5959589481354,0.0064717040093536,0.0092440852824494,0.0381059721508223,0.0381590004263601
approx2,10000,8,4,55,10000,3.0,1.0,2457026461,,False,2806.8075399398804,0.0568646227582505,0.0391084265306222,0.1745744695889902,0.1553957441104522
pairwise,10000,8,4,15,10000,3.0,1.0,2094276510,,False,445.6676707267761,0.0265086885613599,0.1450769211218071,0.0527866295490895,0.0399533179061846
approx2,10000,8,4,45,10000,3.0,1.0,2457026461,,False,2821.599699735641,0.0505825987845735,0.0419377228145404,0.1437019126240726,0.1275034278818746
approx2,10000,8,4,14,10000,3.0,1.0,2643031147,,False,2723.6790523529053,0.0071044978184312,0.0099990477726933,0.0441323764899663,0.0448138678970531
approx2,10000,8,4,13,10000,3.0,1.0,2643031147,,False,2747.044392108917,0.0070157090162959,0.0097883914167636,0.0409399965986301,0.0410643027332986
approx2,10000,8,4,40,10000,3.0,1.0,2457026461,,False,2831.831685781479,0.0462286331598927,0.0413460374347447,0.1269115614179768,0.1135464037553507
approx2,10000,8,4,15,10000,3.0,1.0,2643031147,,False,2715.131376504898,0.0072224779761996,0.010142705812348,0.0479799278614198,0.0484408040389144
approx2,10000,8,4,50,10000,3.0,1.0,2457026461,,False,2836.162343263626,0.0548026397966701,0.045402968961766,0.1598551703710365,0.1410715981563982
approx2,10000,8,4,25,10000,3.0,1.0,2643031147,,False,2710.246007680893,0.0118082059624485,0.0130610728366444,0.0823876613195658,0.08168851808761
pairwise,10000,8,4,1,10000,3.0,1.0,2378741324,,False,39.20043706893921,0.0020963313208181,0.8177050503185933,0.0027754214009067,0.0013328519970538
approx2,10000,8,4,20,10000,3.0,1.0,2643031147,,False,2745.7030255794525,0.0096542328582056,0.0118523662521238,0.0658392757258765,0.0653472620618139
approx2,10000,8,4,30,10000,3.0,1.0,2643031147,,False,2725.570865869522,0.013426045431504,0.0146262721291178,0.0984005873004332,0.0973431887657391
pairwise,10000,8,4,2,10000,3.0,1.0,2378741324,,False,67.9363477230072,0.0031065532953469,0.634306080105488,0.0055608003190377,0.003945321807579
approx2,10000,8,4,35,10000,3.0,1.0,2643031147,,False,2730.43789434433,0.0147377777044076,0.0147808982547173,0.113224729496267,0.1126616873507819
pairwise,10000,8,4,3,10000,3.0,1.0,2378741324,,False,100.08420324325562,0.0044922977445516,0.5172503564149418,0.0086482188175281,0.0064166185711361
pairwise,10000,8,4,4,10000,3.0,1.0,2378741324,,False,129.9230020046234,0.0063408145620438,0.4353812489983068,0.0117656903451463,0.0086084138730236
approx2,10000,8,4,40,10000,3.0,1.0,2643031147,,False,2796.591490983963,0.0154783412302133,0.0147770925240873,0.1293214501491436,0.1290948761166018
pairwise,10000,8,4,5,10000,3.0,1.0,2378741324,,False,158.0866367816925,0.0084493123023367,0.4416955352296696,0.0153541486089967,0.0116113095055077
pairwise,10000,8,4,6,10000,3.0,1.0,2378741324,,False,183.8515493869781,0.0102748792869052,0.4474143257587805,0.0189419432461433,0.0140188685115995
approx2,10000,8,4,50,10000,3.0,1.0,2643031147,,False,2834.2109496593475,0.0168518654519781,0.0162375897353207,0.1606089715284576,0.1618250571873612
pairwise,10000,8,4,20,10000,3.0,1.0,2094276510,,False,601.8127603530884,0.0330062045266542,0.1539655155190313,0.0709191997104676,0.057349957544864
approx2,10000,8,4,55,10000,3.0,1.0,2643031147,,False,2833.602653026581,0.0178309911969507,0.0231307351283297,0.1769243661236564,0.1798351104411094
approx2,10000,8,4,45,10000,3.0,1.0,2643031147,,False,2882.7790744304657,0.0164787391992895,0.0157447061481662,0.1443038294057421,0.1449633832259591
pairwise,10000,8,4,7,10000,3.0,1.0,2378741324,,False,215.6234347820282,0.0112835928294659,0.4557164807595942,0.0220901364946935,0.0170869265705362
pairwise,10000,8,4,8,10000,3.0,1.0,2378741324,,False,241.2850775718689,0.0126663280463794,0.1948182632801966,0.0247613701955484,0.0188514386413811
pairwise,10000,8,4,9,10000,3.0,1.0,2378741324,,False,290.3544223308563,0.0139745181567933,0.1958363969202111,0.0280826819887476,0.021315601178434
pairwise,10000,8,4,10,10000,3.0,1.0,2378741324,,False,296.9107036590576,0.0158629336270203,0.1921737872984201,0.0311779732263291,0.0231385161704233
pairwise,10000,8,4,11,10000,3.0,1.0,2378741324,,False,332.7246551513672,0.0168132350911733,0.1934773950362393,0.0339061491155746,0.0256892299626593
pairwise,10000,8,4,25,10000,3.0,1.0,2094276510,,False,700.3298211097717,0.0388836618859172,0.1447762235071952,0.0875167586990915,0.0721361883245823
pairwise,10000,8,4,12,10000,3.0,1.0,2378741324,,False,360.14840960502625,0.0177717993693372,0.1973831437053152,0.036885190044146,0.0286432166885798
pairwise,10000,8,4,13,10000,3.0,1.0,2378741324,,False,393.2420287132263,0.0191050658020232,0.1939991862878629,0.0403336231919288,0.0320802291676426
pairwise,10000,8,4,14,10000,3.0,1.0,2378741324,,False,419.2934446334839,0.0206841040341472,0.1984296922332222,0.043516726078268,0.0343885807875254
pairwise,10000,8,4,15,10000,3.0,1.0,2378741324,,False,441.2525515556336,0.022216964998932,0.2001578728948266,0.0473187993388459,0.0375168050674669
pairwise,10000,8,4,30,10000,3.0,1.0,2094276510,,False,872.2841818332672,0.0428022215470706,0.1436726359741603,0.1037717823820102,0.0877267643924788
pairwise,10000,8,4,20,10000,3.0,1.0,2378741324,,False,589.2683551311493,0.0281315356983288,0.1863137583805766,0.0630949442094382,0.0516224757691308
pairwise,10000,8,4,35,10000,3.0,1.0,2094276510,,False,1030.036238193512,0.0500825176959713,0.1688367327880424,0.1198175112846891,0.0998019537146168
pairwise,10000,8,4,25,10000,3.0,1.0,2378741324,,False,723.2174158096313,0.0333499653895777,0.1854951987403754,0.0782432545600985,0.0647779354540233
pairwise,10000,8,4,40,10000,3.0,1.0,2094276510,,False,1153.2901229858398,0.0545523230067781,0.1648080151013817,0.1351476051691355,0.1128465027295917
approx2,10000,8,4,1,10000,3.0,1.0,2094276510,,False,2692.7452211380005,0.0111958189572251,0.6740495244584159,0.0035549553310861,0.0106110820853745
approx2,10000,8,4,2,10000,3.0,1.0,2094276510,,False,2647.630859851837,0.0131172738284101,0.5529834385596449,0.0076827472206116,0.0132717753566858
approx2,10000,8,4,3,10000,3.0,1.0,2094276510,,False,2614.9740223884583,0.037421802458902,0.4118171103854073,0.0117614280396591,0.0372493572168148
pairwise,10000,8,4,1,10000,3.0,1.0,1961979125,,False,38.31577134132385,0.0020535761217535,0.8399473704268214,0.0038877682726783,0.002724185592142
pairwise,10000,8,4,30,10000,3.0,1.0,2378741324,,False,896.9083597660065,0.0380555559661046,0.1899320315126361,0.0938926696818391,0.0781855509433255
pairwise,10000,8,4,45,10000,3.0,1.0,2094276510,,False,1322.8797969818115,0.0592780638094646,0.1879574190594309,0.1507558580640748,0.1271168418797459
approx2,10000,8,4,5,10000,3.0,1.0,2094276510,,False,2561.5766718387604,0.0108974326817124,0.2257768865978621,0.0186232095576832,0.0139151281073369
approx2,10000,8,4,4,10000,3.0,1.0,2094276510,,False,2625.4566593170166,0.0106859017434911,0.2291149421318656,0.0153906311633028,0.0117288329207876
pairwise,10000,8,4,2,10000,3.0,1.0,1961979125,,False,67.73513007164001,0.003908860971039,0.6941953835231219,0.0065075724147981,0.0040830006928562
pairwise,10000,8,4,3,10000,3.0,1.0,1961979125,,False,99.6037576198578,0.0052398198255292,0.5358051788974608,0.0096183021721131,0.0067883063652475
pairwise,10000,8,4,4,10000,3.0,1.0,1961979125,,False,125.76223516464232,0.0061869957305169,0.546128434735634,0.0122743364507593,0.0092150125996353
approx2,10000,8,4,6,10000,3.0,1.0,2094276510,,False,2656.2675902843475,0.0120569930143767,0.2313461206090612,0.0223325003505972,0.0174102767299912
pairwise,10000,8,4,35,10000,3.0,1.0,2378741324,,False,1052.6170225143433,0.0430066409219125,0.2011877615203586,0.1092884244051608,0.0915717023344601
pairwise,10000,8,4,5,10000,3.0,1.0,1961979125,,False,153.21568417549133,0.0072795902080927,0.5574489816260838,0.0151249454833446,0.0115074499820102
pairwise,10000,8,4,50,10000,3.0,1.0,2094276510,,False,1490.2312517166138,0.0639051115263651,0.11687383581224,0.166905595139332,0.1420757776746007
pairwise,10000,8,4,40,10000,3.0,1.0,2378741324,,False,1155.21981716156,0.0483829572520801,0.1986556402134697,0.1248065068320211,0.1036216622626277
pairwise,10000,8,4,6,10000,3.0,1.0,1961979125,,False,188.91091918945312,0.0085468225134842,0.0213719225020752,0.0185930564592897,0.0143961261185129
approx2,10000,8,4,7,10000,3.0,1.0,2094276510,,False,2765.02654838562,0.0130388553706635,0.2349105458939646,0.0256865217113424,0.0208893965748868
pairwise,10000,8,4,55,10000,3.0,1.0,2094276510,,False,1632.7924876213074,0.0682313042260189,0.1176896940651624,0.1812080253139854,0.1555032700975384
approx2,10000,8,4,9,10000,3.0,1.0,2094276510,,False,2669.128302097321,0.0154722924271662,0.1144245701729516,0.0328161055131986,0.0273906879614695
pairwise,10000,8,4,7,10000,3.0,1.0,1961979125,,False,216.3473393917084,0.009328107818677,0.0235694473626885,0.0213708477575506,0.0169455147181378
pairwise,10000,8,4,8,10000,3.0,1.0,1961979125,,False,242.4250898361206,0.0101968007593106,0.0257272388580328,0.0242619297361997,0.0192048757740383
approx2,10000,8,4,8,10000,3.0,1.0,2094276510,,False,2787.7059869766235,0.0142626635960349,0.1106319428020893,0.0288705005970916,0.0235737218702359
pairwise,10000,8,4,45,10000,3.0,1.0,2378741324,,False,1302.7080919742584,0.0548878652290172,0.1958177834958286,0.141073489465186,0.1154389970571213
approx2,10000,8,4,11,10000,3.0,1.0,2094276510,,False,2640.050364971161,0.0189414780545913,0.1182402411086688,0.0398009484890874,0.0327327149003588
pairwise,10000,8,4,9,10000,3.0,1.0,1961979125,,False,266.1957139968872,0.0116012514371746,0.0274304766408238,0.0273038462105093,0.0218787648572116
approx2,10000,8,4,10,10000,3.0,1.0,2094276510,,False,2733.0718619823456,0.0174274196079298,0.114662483258865,0.0366246562527205,0.0301580154160487
approx2,10000,8,4,12,10000,3.0,1.0,2094276510,,False,2634.317823171616,0.0195079509553157,0.121540770810843,0.0421603482027216,0.0353766701579182
pairwise,10000,8,4,10,10000,3.0,1.0,1961979125,,False,295.9080648422241,0.0127271926845243,0.0271814861340694,0.0302077649665237,0.024344922419164
pairwise,10000,8,4,50,10000,3.0,1.0,2378741324,,False,1482.4190068244934,0.0600700104017031,0.1411280663232363,0.1572331652021892,0.1304754713568206
approx2,10000,8,4,13,10000,3.0,1.0,2094276510,,False,2602.4260878562927,0.0206042530321975,0.1232004545552086,0.0455142763971892,0.0382872675836852
pairwise,10000,8,4,11,10000,3.0,1.0,1961979125,,False,332.5454041957855,0.0139833524022808,0.0293557786811457,0.0330911130772709,0.0265083052334114
pairwise,10000,8,4,12,10000,3.0,1.0,1961979125,,False,360.2987906932831,0.0141657141501418,0.0288553982098978,0.0361106992041651,0.0301343126818061
pairwise,10000,8,4,13,10000,3.0,1.0,1961979125,,False,381.56555366516113,0.0149406901649618,0.0307084434282969,0.0393109335920651,0.0329687255654719
pairwise,10000,8,4,55,10000,3.0,1.0,2378741324,,False,1614.058691740036,0.0645697532541706,0.0789579396280338,0.1742355725240839,0.1455361963372278
pairwise,10000,8,4,14,10000,3.0,1.0,1961979125,,False,417.9708099365234,0.015600062572957,0.0312974080426783,0.0432951925492249,0.0369378495802579
pairwise,10000,8,4,15,10000,3.0,1.0,1961979125,,False,449.3799350261688,0.0156686786605969,0.0294689757805482,0.0465628456121725,0.0412580492581899
approx2,10000,8,4,14,10000,3.0,1.0,2094276510,,False,2701.067453145981,0.0216753857550124,0.0895190809181186,0.0495056563069358,0.0411118027578391
approx2,10000,8,4,15,10000,3.0,1.0,2094276510,,False,2638.773302555084,0.0226753679052006,0.0918226504455,0.0527866295490895,0.0441933798514987
approx2,10000,8,4,20,10000,3.0,1.0,2094276510,,False,2577.578877449036,0.0274870354700158,0.105019454924915,0.0709191997104676,0.0634567708506891
pairwise,10000,8,4,20,10000,3.0,1.0,1961979125,,False,580.5277807712555,0.0191517697826784,0.0373046030263898,0.0623043702097,0.0553494906683501
pairwise,10000,8,4,25,10000,3.0,1.0,1961979125,,False,725.4577565193176,0.0226343476406385,0.0467442473987623,0.078131235297619,0.0697245865124646
approx2,10000,8,4,25,10000,3.0,1.0,2094276510,,False,2628.728696346283,0.0306547532817841,0.0332519041893799,0.0875167586990915,0.0797959626397919
approx2,10000,8,4,40,10000,3.0,1.0,2094276510,,False,2592.6278574466705,0.039356252079106,0.0368678639520933,0.1351476051691355,0.1254903773289359
approx2,10000,8,4,30,10000,3.0,1.0,2094276510,,False,2676.475637674332,0.0318692609303004,0.0355811441125576,0.1037717823820102,0.0962649236063035
approx2,10000,8,4,35,10000,3.0,1.0,2094276510,,False,2752.794179916382,0.0371880653261928,0.0366924404145251,0.1198175112846891,0.1102907012380706
pairwise,10000,8,4,30,10000,3.0,1.0,1961979125,,False,870.7872247695923,0.0257761702246035,0.0510575159598305,0.095273431407253,0.086281026738136
approx2,10000,8,4,1,10000,3.0,1.0,2378741324,,False,2600.673956155777,0.0056085583237083,0.8147403136059919,0.0027754214009067,0.0056001493270915
approx2,10000,8,4,50,10000,3.0,1.0,2094276510,,False,2785.989577293396,0.0445592181995671,0.0416626329666798,0.166905595139332,0.157462345073315
approx2,10000,8,4,45,10000,3.0,1.0,2094276510,,False,2834.943823337555,0.042030598396572,0.0381156473982384,0.1507558580640748,0.1409034315482917
approx2,10000,8,4,55,10000,3.0,1.0,2094276510,,False,2832.9021742343903,0.0461977164520022,0.0440958602961853,0.1812080253139854,0.171670058111371
approx2,10000,8,4,3,10000,3.0,1.0,2378741324,,False,2683.688008785248,0.0065552288351401,0.4676168451536824,0.0086482188175281,0.0083113394016727
approx2,10000,8,4,6,10000,3.0,1.0,2378741324,,False,2661.9896354675293,0.010610924485385,0.3575684389678887,0.0189419432461433,0.0151681693847994
approx2,10000,8,4,2,10000,3.0,1.0,2378741324,,False,2707.072074651718,0.011077929453021,0.6125715775800541,0.0055608003190377,0.0121105055407338
approx2,10000,8,4,5,10000,3.0,1.0,2378741324,,False,2719.9472568035126,0.0095570695218494,0.3503193057529735,0.0153541486089967,0.0123082784786167
approx2,10000,8,4,7,10000,3.0,1.0,2378741324,,False,2711.944949865341,0.0110814368071635,0.3648363519416143,0.0220901364946935,0.0187994776409279
approx2,10000,8,4,4,10000,3.0,1.0,2378741324,,False,2748.537965774536,0.0077467825533855,0.3436328251072305,0.0117656903451463,0.0098622020930106
approx2,10000,8,4,8,10000,3.0,1.0,2378741324,,False,2728.0037500858307,0.0130419704541055,0.0730121423437696,0.0247613701955484,0.0210467902728775
pairwise,10000,8,4,35,10000,3.0,1.0,1961979125,,False,1029.2069437503817,0.0287367133464633,0.0574018808087942,0.110466932492994,0.1014698702275834
approx2,10000,8,4,10,10000,3.0,1.0,2378741324,,False,2756.182454586029,0.0152154151951194,0.0246853286789269,0.0311779732263291,0.0261174656957216
approx2,10000,8,4,14,10000,3.0,1.0,2378741324,,False,2688.144116878509,0.0184683913193233,0.025407693411971,0.043516726078268,0.0373833455494592
approx2,10000,8,4,11,10000,3.0,1.0,2378741324,,False,2778.930627346039,0.0158049555793913,0.0257011251508493,0.0339061491155746,0.0287951946372328
approx2,10000,8,4,12,10000,3.0,1.0,2378741324,,False,2759.545556306839,0.016176794847441,0.024255290849582,0.036885190044146,0.030822676151975
approx2,10000,8,4,9,10000,3.0,1.0,2378741324,,False,2831.226044178009,0.013735171328243,0.0705781483267836,0.0280826819887476,0.0240243941214525
approx2,10000,8,4,13,10000,3.0,1.0,2378741324,,False,2755.7067787647247,0.0169714557693715,0.024192086461804,0.0403336231919288,0.0349470835210487
approx2,10000,8,4,15,10000,3.0,1.0,2378741324,,False,2726.5692286491394,0.0199330997113887,0.0265148382689981,0.0473187993388459,0.0405363147697992
approx2,10000,8,4,20,10000,3.0,1.0,2378741324,,False,2731.4255623817444,0.0238339987756704,0.026032764170889,0.0630949442094382,0.0565415089959458
approx2,10000,8,4,25,10000,3.0,1.0,2378741324,,False,2742.265815973282,0.0275345745194398,0.0291219574801393,0.0782432545600985,0.0710890198228997
pairwise,10000,8,4,40,10000,3.0,1.0,1961979125,,False,1197.6590328216553,0.0309507169537132,0.0541948635149914,0.1241598272796898,0.1157589125752763
approx2,10000,8,4,30,10000,3.0,1.0,2378741324,,False,2754.1024956703186,0.0305215587762353,0.0323564887825316,0.0938926696818391,0.0849950325409712
approx2,10000,8,4,35,10000,3.0,1.0,2378741324,,False,2764.521425008774,0.0332022116416024,0.0342267923984164,0.1092884244051608,0.1000063720086805
approx2,10000,8,4,45,10000,3.0,1.0,2378741324,,False,2765.338797569275,0.0429206517714516,0.0382730705645171,0.141073489465186,0.1270349385859965
approx2,10000,8,4,50,10000,3.0,1.0,2378741324,,False,2829.3954474925995,0.0452851181813962,0.0399812518040844,0.1572331652021892,0.1432281969334306
approx2,10000,8,4,40,10000,3.0,1.0,2378741324,,False,2854.303945541382,0.0376674663429891,0.0383890394972261,0.1248065068320211,0.1135229689142936
approx2,10000,8,4,55,10000,3.0,1.0,2378741324,,False,2858.0950956344604,0.0478729227571015,0.0366047919105813,0.1742355725240839,0.1600378976798967
pairwise,10000,8,4,45,10000,3.0,1.0,1961979125,,False,1317.6921334266665,0.0319750022492303,0.055689257189117,0.1408346803340594,0.1344188193504312
pairwise,10000,8,4,50,10000,3.0,1.0,1961979125,,False,1508.3738055229187,0.0326299324094233,0.0638833442044285,0.1558195747048825,0.1487652341270789
pairwise,10000,8,4,55,10000,3.0,1.0,1961979125,,False,1629.4002010822296,0.0362800659438221,0.0446059626122104,0.172039326343269,0.1626392590251814
approx2,10000,8,4,1,10000,3.0,1.0,1961979125,,False,2680.5096814632416,0.0124960136527163,0.8406819913259632,0.0038877682726783,0.0131755598081371
approx2,10000,8,4,3,10000,3.0,1.0,1961979125,,False,2641.719526052475,0.0100536099281499,0.5395601702695959,0.0096183021721131,0.0112681199509215
approx2,10000,8,4,5,10000,3.0,1.0,1961979125,,False,2636.512755870819,0.0101172776445538,0.5587519166480377,0.0151249454833446,0.0136426355414905
approx2,10000,8,4,2,10000,3.0,1.0,1961979125,,False,2696.8299255371094,0.0317710142684264,0.6965269765414923,0.0065075724147981,0.0316762036109527
approx2,10000,8,4,4,10000,3.0,1.0,1961979125,,False,2676.688870191574,0.0094472666625244,0.5479347925062972,0.0122743364507593,0.0118764443860879
approx2,10000,8,4,6,10000,3.0,1.0,1961979125,,False,2663.061592102051,0.0122472590449641,0.0292891526309733,0.0185930564592897,0.0169951419318989
approx2,10000,8,4,8,10000,3.0,1.0,1961979125,,False,2672.866981983185,0.0114810586541938,0.0258848190697503,0.0242619297361997,0.0205386085144123
approx2,10000,8,4,10,10000,3.0,1.0,1961979125,,False,2655.036945581436,0.0119694141990289,0.0152930165998503,0.0302077649665237,0.0258340418332357
approx2,10000,8,4,9,10000,3.0,1.0,1961979125,,False,2717.876377105713,0.0119973385647789,0.0264251189082434,0.0273038462105093,0.0236132933385852
approx2,10000,8,4,7,10000,3.0,1.0,1961979125,,False,2768.598393201828,0.011438756553276,0.0259856849696781,0.0213708477575506,0.0184406722291423
approx2,10000,8,4,11,10000,3.0,1.0,1961979125,,False,2673.0631115436554,0.0126508792252752,0.0165338307838345,0.0330911130772709,0.0283785862611592
approx2,10000,8,4,13,10000,3.0,1.0,1961979125,,False,2696.635624885559,0.0128922827229818,0.0170306158586788,0.0393109335920651,0.0351344223478227
approx2,10000,8,4,14,10000,3.0,1.0,1961979125,,False,2694.662785291672,0.0133582675972697,0.0158087308434413,0.0432951925492249,0.0390422611220463
approx2,10000,8,4,12,10000,3.0,1.0,1961979125,,False,2763.2615847587585,0.0122733185453426,0.0159999007074259,0.0361106992041651,0.032261043331013
approx2,10000,8,4,15,10000,3.0,1.0,1961979125,,False,2738.01775598526,0.0128243307988162,0.0152171120548035,0.0465628456121725,0.0432042135818799
approx2,10000,8,4,20,10000,3.0,1.0,1961979125,,False,2728.4104058742523,0.0147391251557309,0.0170542094130583,0.0623043702097,0.0585889627639728
approx2,10000,8,4,35,10000,3.0,1.0,1961979125,,False,2603.19903421402,0.0201067026031413,0.0221829810645677,0.110466932492994,0.1068473502909348
approx2,10000,8,4,30,10000,3.0,1.0,1961979125,,False,2721.8357541561127,0.0186453716392883,0.0201728524027553,0.095273431407253,0.0911360708887618
approx2,10000,8,4,25,10000,3.0,1.0,1961979125,,False,2798.1542422771454,0.017380138436888,0.018434518790935,0.078131235297619,0.0739200839135604
approx2,10000,8,4,40,10000,3.0,1.0,1961979125,,False,2834.7200257778168,0.0209946654729515,0.0224142602650691,0.1241598272796898,0.1214550206141849
approx2,10000,8,4,45,10000,3.0,1.0,1961979125,,False,2864.004553318024,0.0197365329451503,0.0186744888799643,0.1408346803340594,0.139628436815403
approx2,10000,8,4,50,10000,3.0,1.0,1961979125,,False,2843.4761254787445,0.0201415716372955,0.0187919234649103,0.1558195747048825,0.1538661100449401
approx2,10000,8,4,55,10000,3.0,1.0,1961979125,,False,2849.5569882392883,0.0225477628726416,0.0191174871876414,0.172039326343269,0.1685249398781304
approx,10000,8,4,1,10000,3.0,1.0,2457026461,,False,7.3254334926605225,0.00239899836114777,0.6995466892981532,0.002792564795259367,0.0009923335302184106
approx,10000,8,4,2,10000,3.0,1.0,2457026461,,False,13.126739263534546,0.004385562650947837,0.5769326539478384,0.006121399882222581,0.0029435299020931513
approx,10000,8,4,1,10000,0.5,1.0,2457026461,,False,7.0630481243133545,0.0027925647952593393,0.19802532797453606,0.0027925647952593636,1.3092166343545437e-16
approx,10000,8,4,1,10000,3.0,1.0,2643031147,,False,6.6809210777282715,0.0012377349719591732,0.778852411106261,0.0028303877760451584,0.002308761707151101
approx,10000,8,4,2,10000,0.5,1.0,2457026461,,False,12.328823566436768,0.006144278713780187,0.1373943054051319,0.006121399882222579,0.00041980415712415843
approx,10000,8,4,1,10000,0.5,1.0,2643031147,,False,6.636869192123413,0.0028303877760451476,0.17824087227485091,0.0028303877760451675,1.2518300541159061e-16
approx,10000,8,4,1,10000,3.0,1.0,2094276510,,False,6.566543340682983,0.0028522176098930286,0.6734400253413757,0.003554955331086164,0.0017176996903750096
approx,10000,8,4,1,10000,0.5,1.0,2094276510,,False,6.653097152709961,0.0035549553310861496,0.19856977503735423,0.0035549553310861583,1.423026649708218e-16
approx,10000,8,4,2,10000,3.0,1.0,2643031147,,False,35.46443271636963,0.002622965396409306,0.5164940354751525,0.0065131595605591765,0.005229442008304474
approx,10000,8,4,2,10000,3.0,1.0,2094276510,,False,31.38376212120056,0.005115558280730579,0.5503109019756153,0.007682747220611628,0.004190424598345371
approx,10000,8,4,2,10000,0.5,1.0,2643031147,,False,32.436118841171265,0.006499475788929692,0.13897054092305863,0.006513159560559167,0.0008028365679384425
approx,10000,8,4,3,10000,3.0,1.0,2457026461,,False,58.126596450805664,0.005481317379149756,0.4618924953046389,0.009177840475906635,0.006054197644597547
approx,10000,8,4,2,10000,0.5,1.0,2094276510,,False,32.17240881919861,0.007614183664827075,0.15275954338632203,0.007682747220611641,0.0014794704333444015
approx,10000,8,4,3,10000,0.5,1.0,2457026461,,False,57.804272174835205,0.009144145805980877,0.08941834522987877,0.009177840475906642,0.0010618143089593402
approx,10000,8,4,1,10000,3.0,1.0,2378741324,,False,6.671304941177368,0.0020769816385014486,0.8146559829886376,0.0027754214009067775,0.0013567755956020815
approx,10000,8,4,3,10000,3.0,1.0,2094276510,,False,60.787113904953,0.006735730863298646,0.41023064943514964,0.011761428039659174,0.007020475048018647
approx,10000,8,4,3,10000,3.0,1.0,2643031147,,False,83.73720288276672,0.0030537343617999305,0.5262461891394511,0.009978977474278202,0.009106229480814888
approx,10000,8,4,3,10000,0.5,1.0,2094276510,,False,60.79906964302063,0.011073185035154294,0.1419803105791256,0.011761428039659183,0.0036464035460014484
approx,10000,8,4,4,10000,3.0,1.0,2457026461,,False,103.01413321495056,0.007149441739177699,0.43003703025596685,0.01260073651880734,0.009077183073741057
approx,10000,8,4,3,10000,0.5,1.0,2643031147,,False,81.50785493850708,0.009466807333438345,0.1197371123171843,0.009978977474278216,0.0030318236247266843
approx,10000,8,4,2,10000,3.0,1.0,2378741324,,False,31.674099445343018,0.0030283366193373453,0.6106762565605403,0.005560800319037769,0.0038993532492812037
approx,10000,8,4,4,10000,0.5,1.0,2457026461,,False,104.09613966941833,0.012246143554910664,0.08118468177606274,0.012600736518807344,0.0025457069723093793
approx,10000,8,4,4,10000,3.0,1.0,2643031147,,False,112.49528241157532,0.0036182400607004256,0.34279666494705785,0.013591365772248946,0.012416126492065565
approx,10000,8,4,4,10000,3.0,1.0,2094276510,,False,100.80163145065308,0.008876770211180798,0.22763275338350136,0.015390631163302838,0.010008355177144507
approx,10000,8,4,5,10000,3.0,1.0,2457026461,,False,133.441743850708,0.008851047957255442,0.34023212859358404,0.01628937079563756,0.012502658928431516
approx,10000,8,4,4,10000,0.5,1.0,2643031147,,False,110.29300999641418,0.01263630990531562,0.10972988495966453,0.013591365772248959,0.004199148660310606
approx,10000,8,4,4,10000,0.5,1.0,2094276510,,False,100.3672251701355,0.01443189986114541,0.10420442107072854,0.015390631163302842,0.005127059603921622
approx,10000,8,4,5,10000,0.5,1.0,2457026461,,False,132.13658165931702,0.015498321227714388,0.074602454342954,0.016289370795637564,0.0042806990378025335
approx,10000,8,4,3,10000,3.0,1.0,2378741324,,False,79.88853168487549,0.004398942261633135,0.46899040698059846,0.00864821881752813,0.006399635943480084
approx,10000,8,4,5,10000,3.0,1.0,2094276510,,False,154.2176821231842,0.010284659632691224,0.2257799686812192,0.018623209557683235,0.013054260735588057
approx,10000,8,4,6,10000,3.0,1.0,2457026461,,False,182.6442186832428,0.010656931793300245,0.34487610477517927,0.01964034806098754,0.015235172374550026
approx,10000,8,4,5,10000,0.5,1.0,2094276510,,False,150.1858513355255,0.017180139793665648,0.08658487771970391,0.018623209557683238,0.006582879380207331
approx,10000,8,4,5,10000,3.0,1.0,2643031147,,False,181.49265217781067,0.004269292270546813,0.34951765034479776,0.01643028960084022,0.015507524905218017
approx,10000,8,4,6,10000,0.5,1.0,2457026461,,False,186.03031182289124,0.018319177520213767,0.0741073960331708,0.01964034806098754,0.0064047040507687865
approx,10000,8,4,5,10000,0.5,1.0,2643031147,,False,173.73414731025696,0.015276654143783052,0.11056228228461057,0.016430289600840194,0.005209137317588032
approx,10000,8,4,6,10000,3.0,1.0,2643031147,,False,192.94848608970642,0.004268911358169667,0.09332828446255731,0.020025956664916172,0.020045162874953625
approx,10000,8,4,4,10000,3.0,1.0,2378741324,,False,110.28974151611328,0.006224253959411681,0.35116476675639086,0.011765690345146337,0.00853240271730977
approx,10000,8,4,1,10000,0.5,1.0,2378741324,,False,6.711184740066528,0.0027754214009067598,0.26987068010173065,0.0027754214009067793,2.9844653882182596e-16
approx,10000,8,4,6,10000,3.0,1.0,2094276510,,False,197.27079701423645,0.011405197520217384,0.22954340097151615,0.022332500350597247,0.01692841059398495
approx,10000,8,4,6,10000,0.5,1.0,2643031147,,False,198.17528867721558,0.018616001587516084,0.08940105808566949,0.02002595666491617,0.006674668057319244
approx,10000,8,4,6,10000,0.5,1.0,2094276510,,False,196.85495734214783,0.020556511453182377,0.08891656345996406,0.02233250035059724,0.008363214018613582
approx,10000,8,4,7,10000,0.5,1.0,2457026461,,False,224.6663899421692,0.02092134013778525,0.07339177544467312,0.022468551103166725,0.007966965846488015
approx,10000,8,4,7,10000,3.0,1.0,2457026461,,False,234.67283177375793,0.012501295036398042,0.30705020412338485,0.02246855110316673,0.016667178784428343
approx,10000,8,4,7,10000,3.0,1.0,2643031147,,False,239.23928499221802,0.004097515028837662,0.09519071950273594,0.022711257590306427,0.023071624909195475
approx,10000,8,4,2,10000,0.5,1.0,2378741324,,False,32.153342723846436,0.005400232002750013,0.21174411970581752,0.005560800319037757,0.001569891318158126
approx,10000,8,4,7,10000,3.0,1.0,2094276510,,False,235.63550448417664,0.012503472581522363,0.23509809771864107,0.025686521711342447,0.020367521133639262
approx,10000,8,4,7,10000,0.5,1.0,2643031147,,False,242.26918649673462,0.02073014548938642,0.07955006339261442,0.022711257590306417,0.008891931942058565
approx,10000,8,4,7,10000,0.5,1.0,2094276510,,False,234.67843389511108,0.02331203993421647,0.09106037157559543,0.02568652171134243,0.010519429774703909
approx,10000,8,4,8,10000,3.0,1.0,2457026461,,False,280.4751307964325,0.013924834050233197,0.26618758037996454,0.02523399774084212,0.0187503905202152
approx,10000,8,4,8,10000,3.0,1.0,2094276510,,False,255.65700483322144,0.013453615784095811,0.10996205807308572,0.0288705005970916,0.02297634825479232
approx,10000,8,4,5,10000,3.0,1.0,2378741324,,False,186.54150891304016,0.008170674598210772,0.3513851802189301,0.015354148608996792,0.011684230045226085
approx,10000,8,4,8,10000,0.5,1.0,2457026461,,False,277.413866519928,0.02312224973358995,0.0714303450125799,0.025233997740842125,0.009277505163779806
approx,10000,8,4,8,10000,0.5,1.0,2094276510,,False,254.95943427085876,0.02625264077015327,0.06894786404696135,0.028870500597091592,0.009946668152199026
approx,10000,8,4,8,10000,0.5,1.0,2643031147,,False,264.8395166397095,0.023875188080211385,0.04909130009691495,0.026022622124856665,0.01031026588339648
approx,10000,8,4,3,10000,0.5,1.0,2378741324,,False,81.17422723770142,0.008230373295686136,0.16954055644971114,0.008648218817528126,0.002243455271150666
approx,10000,8,4,9,10000,3.0,1.0,2094276510,,False,291.08919501304626,0.014856840554152222,0.11281160509639805,0.03281610551319869,0.026736532227777367
approx,10000,8,4,9,10000,0.5,1.0,2094276510,,False,293.1370666027069,0.0294041140806536,0.07043146212022684,0.03281610551319867,0.012358524150508868
approx,10000,8,4,9,10000,0.5,1.0,2457026461,,False,321.0784194469452,0.025777709481529392,0.0729006704102072,0.02852727848027929,0.00975499737209319
approx,10000,8,4,9,10000,3.0,1.0,2457026461,,False,332.3972759246826,0.015143729645103724,0.2721471639687456,0.02852727848027929,0.02242147174894831
approx,10000,8,4,9,10000,3.0,1.0,2643031147,,False,312.8763482570648,0.005792776219405631,0.012749234075761992,0.029333924623219557,0.02955463824386371
approx,10000,8,4,4,10000,0.5,1.0,2378741324,,False,111.00107049942017,0.010794123672301247,0.09903220837193606,0.01176569034514635,0.0037456940930315026
approx,10000,8,4,1,10000,3.0,1.0,1961979125,,False,6.649844646453857,0.002114852089716596,0.8399275033209338,0.0038877682726783363,0.0028169726821395164
approx,10000,8,4,9,10000,0.5,1.0,2643031147,,False,315.34013056755066,0.02665617871268339,0.05001625427891811,0.029333924623219557,0.012087814984912905
approx,10000,8,4,6,10000,3.0,1.0,2378741324,,False,244.1019036769867,0.009765097081277551,0.3594277068677733,0.018941943246143313,0.014487331893943143
approx,10000,8,4,2,10000,3.0,1.0,1961979125,,False,31.989073038101196,0.003781644300035052,0.6939741422862914,0.006507572414798133,0.003988847189985308
approx,10000,8,4,10,10000,3.0,1.0,2457026461,,False,380.8111848831177,0.01739832877866421,0.2769253646559136,0.03193798241781941,0.025274303639044954
approx,10000,8,4,7,10000,3.0,1.0,2378741324,,False,282.5987129211426,0.01055996788209486,0.36617993161512036,0.02209013649469357,0.01782665423133883
approx,10000,8,4,10,10000,3.0,1.0,2094276510,,False,369.29858350753784,0.017180291037030063,0.11399650356580623,0.036624656252720565,0.029460114647439105
approx,10000,8,4,10,10000,0.5,1.0,2643031147,,False,370.0750434398651,0.029126208570563094,0.034755357165665315,0.032174492320982045,0.013415530890000832
approx,10000,8,4,10,10000,3.0,1.0,2643031147,,False,373.283034324646,0.005928184592985303,0.013184280225868488,0.032174492320982045,0.03255913469922767
approx,10000,8,4,3,10000,3.0,1.0,1961979125,,False,61.865989685058594,0.005228684887948802,0.5353835135399132,0.009618302172113144,0.006825882098941632
approx,10000,8,4,10,10000,0.5,1.0,2457026461,,False,395.7802846431732,0.028988526869163596,0.07519948298885425,0.031937982417819415,0.011261794956553866
approx,10000,8,4,10,10000,0.5,1.0,2094276510,,False,371.1910254955292,0.03275265996911227,0.07073285833958214,0.03662465625272057,0.013407461832316236
approx,10000,8,4,5,10000,0.5,1.0,2378741324,,False,184.76101565361023,0.014080533103419304,0.09847452306007025,0.015354148608996795,0.004935016089179799
approx,10000,8,4,11,10000,0.5,1.0,2643031147,,False,401.1022651195526,0.03160053904498234,0.034954109041232764,0.0354268415329536,0.015743665088487367
approx,10000,8,4,11,10000,3.0,1.0,2457026461,,False,427.94908380508423,0.01855403136527722,0.28071053147616204,0.03499737972362139,0.02807245903118308
approx,10000,8,4,11,10000,0.5,1.0,2457026461,,False,420.4946827888489,0.031646401464640934,0.07750477815401995,0.03499737972362139,0.012716049121163074
approx,10000,8,4,8,10000,3.0,1.0,2378741324,,False,315.70207715034485,0.011946318105210943,0.07319424386037839,0.02476137019554849,0.019926356823693963
approx,10000,8,4,11,10000,3.0,1.0,2643031147,,False,414.77808475494385,0.006070142722206535,0.013738961179261591,0.035426841532953585,0.03579793193865183
approx,10000,8,4,4,10000,3.0,1.0,1961979125,,False,111.85430717468262,0.006053835190967231,0.5458633243196868,0.012274336450759383,0.009421051298864407
approx,10000,8,4,11,10000,0.5,1.0,2094276510,,False,434.8785960674286,0.03546911910757302,0.07455732781985379,0.0398009484890875,0.014971197521614105
approx,10000,8,4,9,10000,3.0,1.0,2378741324,,False,353.3598916530609,0.012822643328106854,0.07055508489089915,0.02808268198874768,0.022951999350164266
approx,10000,8,4,11,10000,3.0,1.0,2094276510,,False,446.4840829372406,0.018307071407011592,0.11753844050756944,0.039800948489087495,0.03231161876383913
approx,10000,8,4,6,10000,0.5,1.0,2378741324,,False,241.84503650665283,0.01734082338745094,0.10108283906624992,0.018941943246143306,0.006567128267010415
approx,10000,8,4,1,10000,0.5,1.0,1961979125,,False,6.687107801437378,0.0038877682726783116,0.2579803434842341,0.003887768272678342,1.8304648551470475e-16
approx,10000,8,4,12,10000,3.0,1.0,2643031147,,False,460.7227740287781,0.006666160086564887,0.014113552223424414,0.038105972150822315,0.03816359686212556
approx,10000,8,4,12,10000,0.5,1.0,2643031147,,False,460.5601942539215,0.033692419256059224,0.035252104938496315,0.03810597215082231,0.017611916884109118
approx,10000,8,4,12,10000,0.5,1.0,2457026461,,False,478.6951060295105,0.03480700601133993,0.07856492092786922,0.03859704924910987,0.0140412679282693
approx,10000,8,4,12,10000,3.0,1.0,2457026461,,False,488.8357300758362,0.019748080991653986,0.2586569814968522,0.03859704924910987,0.03123518898523389
approx,10000,8,4,2,10000,0.5,1.0,1961979125,,False,31.94874119758606,0.006548946828177528,0.22651934494135956,0.006507572414798138,0.0005449149197576874
approx,10000,8,4,10,10000,3.0,1.0,2378741324,,False,384.75701236724854,0.0145160544083593,0.029814782874000766,0.0311779732263291,0.02516222931544885
approx,10000,8,4,5,10000,3.0,1.0,1961979125,,False,176.36093616485596,0.007169083437450666,0.5570248720206143,0.015124945483344681,0.011742637034990564
approx,10000,8,4,12,10000,0.5,1.0,2094276510,,False,487.60766768455505,0.03709350752346137,0.07564553404893404,0.04216034820272168,0.01699477289212414
approx,10000,8,4,13,10000,3.0,1.0,2643031147,,False,505.03395652770996,0.007165096854864661,0.014457546568110517,0.04093999659863011,0.04096892169346779
approx,10000,8,4,7,10000,0.5,1.0,2378741324,,False,292.09140968322754,0.01980250271168241,0.10229317902514674,0.022090136494693574,0.009558433001715442
approx,10000,8,4,12,10000,3.0,1.0,2094276510,,False,508.2358441352844,0.019051697151934815,0.1196707575953373,0.042160348202721666,0.03473857455901029
approx,10000,8,4,13,10000,0.5,1.0,2643031147,,False,510.1192147731781,0.03636513474961163,0.03700254972795453,0.04093999659863012,0.019065801680888027
approx,10000,8,4,13,10000,0.5,1.0,2094276510,,False,505.6927032470703,0.040187636250162743,0.07754716884513878,0.04551427639718926,0.018556543952549926
approx,10000,8,4,3,10000,0.5,1.0,1961979125,,False,60.64371395111084,0.009403037022016341,0.20113418428814012,0.009618302172113133,0.0019230134293236167
approx,10000,8,4,6,10000,3.0,1.0,1961979125,,False,194.42577171325684,0.008261604223293853,0.02065301701892628,0.01859305645928979,0.014735867150971938
approx,10000,8,4,13,10000,3.0,1.0,2457026461,,False,551.083818435669,0.020857046671932722,0.2661653299618724,0.041530297722465775,0.03384858091257975
approx,10000,8,4,14,10000,3.0,1.0,2643031147,,False,533.6779518127441,0.007407840403299129,0.014907656000279186,0.044132376489966305,0.044638117756841914
approx,10000,8,4,13,10000,0.5,1.0,2457026461,,False,553.6114966869354,0.037032976441202584,0.07918212809166532,0.041530297722465775,0.01600908573306182
approx,10000,8,4,14,10000,0.5,1.0,2643031147,,False,541.6074221134186,0.03920008956560172,0.03891338990939704,0.044132376489966305,0.020851460053135984
approx,10000,8,4,14,10000,3.0,1.0,2457026461,,False,569.4649455547333,0.02213857228531355,0.24575154055203685,0.04414687999887725,0.035874854999679906
approx,10000,8,4,11,10000,3.0,1.0,2378741324,,False,438.9080321788788,0.01550286419486283,0.030497161428992798,0.03390614911557465,0.02775015611824343
approx,10000,8,4,8,10000,0.5,1.0,2378741324,,False,326.3734817504883,0.02254434890531603,0.044536142308877785,0.024761370195548485,0.010392349686168098
approx,10000,8,4,13,10000,3.0,1.0,2094276510,,False,556.6318395137787,0.020419131520332194,0.123342073645646,0.04551427639718926,0.03763288892166075
approx,10000,8,4,14,10000,0.5,1.0,2094276510,,False,553.1796543598175,0.043981624651498595,0.05929465151908672,0.049505656306935854,0.019502911734686695
approx,10000,8,4,14,10000,0.5,1.0,2457026461,,False,581.3102579116821,0.03922140671304456,0.07918046293735992,0.04414687999887725,0.01723005953206011
approx,10000,8,4,4,10000,0.5,1.0,1961979125,,False,110.79953145980835,0.011572776911965017,0.20337557964067882,0.01227433645075938,0.0035030546992078013
approx,10000,8,4,12,10000,3.0,1.0,2378741324,,False,476.8669500350952,0.01621473639941899,0.03164465231498564,0.036885190044146025,0.03086190929908883
approx,10000,8,4,15,10000,3.0,1.0,2457026461,,False,611.1018590927124,0.023541839098207437,0.21857711549158965,0.047556215004421504,0.038955778514317224
approx,10000,8,4,14,10000,3.0,1.0,2094276510,,False,592.8357808589935,0.02181312376897934,0.09384385989653744,0.04950565630693586,0.040973987332106214
approx,10000,8,4,9,10000,0.5,1.0,2378741324,,False,364.1248605251312,0.025478496787324785,0.045346512442150634,0.028082681988747676,0.010342766924013104
approx,10000,8,4,15,10000,0.5,1.0,2643031147,,False,601.086067199707,0.041982921186544,0.03984496765146855,0.04797992786141985,0.023675763537186444
approx,10000,8,4,15,10000,3.0,1.0,2643031147,,False,601.186713218689,0.007596879889510951,0.015462833537585272,0.047979927861419865,0.04827300314972357
approx,10000,8,4,15,10000,0.5,1.0,2094276510,,False,594.7939562797546,0.046211615707285054,0.06021322452315969,0.052786629549089574,0.02217093287155055
approx,10000,8,4,15,10000,0.5,1.0,2457026461,,False,625.7760426998138,0.04212048642413705,0.07108044480127025,0.04755621500442151,0.018929633407077984
approx,10000,8,4,7,10000,3.0,1.0,1961979125,,False,261.0778124332428,0.009194023336673374,0.022346349105887793,0.02137084775755063,0.017183393722507746
approx,10000,8,4,10,10000,0.5,1.0,2378741324,,False,383.99914741516113,0.028405008187677494,0.03591651428903005,0.0311779732263291,0.011409131511718445
approx,10000,8,4,5,10000,0.5,1.0,1961979125,,False,169.06803250312805,0.014037477141085612,0.207332544008843,0.015124945483344681,0.004486367406099712
approx,10000,8,4,15,10000,3.0,1.0,2094276510,,False,637.0392401218414,0.022847059998261973,0.09674300673743098,0.05278662954908957,0.04396887667327423
approx,10000,8,4,6,10000,0.5,1.0,1961979125,,False,183.60479426383972,0.017345060030005372,0.10394228428343552,0.018593056459289797,0.005269952802867268
approx,10000,8,4,13,10000,3.0,1.0,2378741324,,False,546.3039653301239,0.01688809294554387,0.03232349310371161,0.0403336231919288,0.034939476207546234
approx,10000,8,4,11,10000,0.5,1.0,2378741324,,False,426.86247992515564,0.030169235000332664,0.03768122417068604,0.03390614911557466,0.013489232851734206
approx,10000,8,4,8,10000,3.0,1.0,1961979125,,False,316.3925213813782,0.00994882282501128,0.023731719111905938,0.024261929736199787,0.019814703319404957
approx,10000,8,4,14,10000,3.0,1.0,2378741324,,False,586.8717203140259,0.0184828534550086,0.03302965492906537,0.043516726078268085,0.037416272730286845
approx,10000,8,4,7,10000,0.5,1.0,1961979125,,False,256.65417194366455,0.01987297508993996,0.09784082582735872,0.021370847757550635,0.006349655606855625
approx,10000,8,4,12,10000,0.5,1.0,2378741324,,False,476.7745740413666,0.032829768514919394,0.03923864222602135,0.036885190044146025,0.014790063145364886
approx,10000,8,4,9,10000,3.0,1.0,1961979125,,False,372.7285566329956,0.010672670714445595,0.024589571353796927,0.027303846210509304,0.0228253452142589
approx,10000,8,4,10,10000,3.0,1.0,1961979125,,False,401.6989028453827,0.011632062526920662,0.015109859383624481,0.030207764966523776,0.025520966709158193
approx,10000,8,4,15,10000,3.0,1.0,2378741324,,False,663.679888010025,0.019925786694750616,0.033897468563488554,0.04731879933884595,0.040697519975770785
approx,10000,8,4,8,10000,0.5,1.0,1961979125,,False,317.53318452835083,0.022296009251757367,0.09824997589528815,0.024261929736199783,0.00810818206931127
approx,10000,8,4,13,10000,0.5,1.0,2378741324,,False,551.2429111003876,0.03532744869826604,0.040271650360663803,0.0403336231919288,0.017654869453977158
approx,10000,8,4,11,10000,3.0,1.0,1961979125,,False,445.6812756061554,0.011982130455770722,0.01614513354782999,0.03309111307727098,0.028289332006349765
approx,10000,8,4,14,10000,0.5,1.0,2378741324,,False,585.0670158863068,0.03770421949217247,0.03558244764836755,0.043516726078268106,0.019353204224997703
approx,10000,8,4,9,10000,0.5,1.0,1961979125,,False,369.2758357524872,0.024839328146289173,0.08504126417290964,0.027303846210509304,0.008053452476081035
approx,10000,8,4,20,10000,3.0,1.0,2643031147,,False,871.5012261867523,0.0096426374584106,0.015951666315147734,0.06583927572587658,0.06540736586067972
approx,10000,8,4,12,10000,3.0,1.0,1961979125,,False,497.08922052383423,0.012072016409464302,0.01587297559193958,0.03611069920416514,0.0320958439435032
approx,10000,8,4,20,10000,3.0,1.0,2094276510,,False,893.2489454746246,0.02738356535296786,0.10950603260553786,0.07091919971046766,0.06373413514386317
approx,10000,8,4,10,10000,0.5,1.0,1961979125,,False,400.948584318161,0.027328067829180198,0.06690995241553706,0.030207764966523783,0.009405714323653988
approx,10000,8,4,20,10000,3.0,1.0,2457026461,,False,930.0021963119507,0.027857382285898645,0.10747714296009275,0.06412789272812502,0.05478607740964644
approx,10000,8,4,20,10000,0.5,1.0,2457026461,,False,931.3918907642365,0.054883372136006116,0.06162122086610153,0.06412789272812502,0.029056796296232812
approx,10000,8,4,13,10000,3.0,1.0,1961979125,,False,535.9693629741669,0.01260334862337545,0.01691755379076774,0.039310933592065125,0.035107887173481914
approx,10000,8,4,20,10000,0.5,1.0,2094276510,,False,918.6956367492676,0.05934396089328474,0.06798841373991894,0.07091919971046767,0.0358132462243464
approx,10000,8,4,15,10000,0.5,1.0,2378741324,,False,673.2290198802948,0.04148689702664311,0.03768906680711554,0.04731879933884595,0.021394758900108054
approx,10000,8,4,11,10000,0.5,1.0,1961979125,,False,447.28892850875854,0.029753605093868738,0.06788815440186695,0.033091113077270966,0.011087827163564249
approx,10000,8,4,14,10000,3.0,1.0,1961979125,,False,586.5800786018372,0.013159377348671833,0.015696342426868837,0.04329519254922496,0.038747841178427576
approx,10000,8,4,12,10000,0.5,1.0,1961979125,,False,490.14967584609985,0.032252920284984755,0.06804326608007513,0.036110699204165125,0.01310665656432681
approx,10000,8,4,15,10000,3.0,1.0,1961979125,,False,605.4565825462341,0.012870753930705565,0.015555453821799835,0.04656284561217259,0.04283421154403667
approx,10000,8,4,20,10000,3.0,1.0,2378741324,,False,878.9201323986053,0.023867679257455757,0.0258764077115444,0.06309494420943826,0.056888253797282386
approx,10000,8,4,13,10000,0.5,1.0,1961979125,,False,520.9675090312958,0.03492135475368797,0.07102404146895404,0.039310933592065125,0.01508470577195805
approx,10000,8,4,25,10000,0.5,1.0,2094276510,,False,1068.7474160194397,0.07079595917962472,0.054924323530279574,0.08751675869909152,0.04818865044089191
approx,10000,8,4,15,10000,0.5,1.0,1961979125,,False,587.2375395298004,0.04055850253528763,0.07379817433041307,0.04656284561217259,0.01944584827907384
approx,10000,8,4,14,10000,0.5,1.0,1961979125,,False,591.7989845275879,0.038271061485043466,0.07161373462827056,0.04329519254922496,0.017107553860097456
approx,10000,8,4,25,10000,0.5,1.0,2643031147,,False,1139.2613101005554,0.06861908733848829,0.05070261996296982,0.0823876613195658,0.04195828378992524
approx,10000,8,4,25,10000,3.0,1.0,2643031147,,False,1139.675668001175,0.012020500961970644,0.012953577105649192,0.0823876613195658,0.08170480294249058
approx,10000,8,4,20,10000,0.5,1.0,2378741324,,False,898.2462584972382,0.05244839071462796,0.04222111689368749,0.06309494420943824,0.03412421115655369
approx,10000,8,4,25,10000,0.5,1.0,2457026461,,False,1207.649227142334,0.06597123244181903,0.0653549640099048,0.07950158204086773,0.040502623850550805
approx,10000,8,4,25,10000,3.0,1.0,2094276510,,False,1194.6730077266693,0.030546459173250967,0.03362471692343398,0.08751675869909153,0.0803388851405283
approx,10000,8,4,25,10000,3.0,1.0,2457026461,,False,1218.2549815177917,0.031295296114399504,0.12333164604311636,0.07950158204086771,0.07047933327582748
approx,10000,8,4,20,10000,3.0,1.0,1961979125,,False,830.7066493034363,0.014439444664384682,0.017136153677104422,0.06230437020970009,0.05831715368981092
approx,10000,8,4,25,10000,3.0,1.0,2378741324,,False,1150.4482650756836,0.027305083655206838,0.028868041725840315,0.07824325456009851,0.07092743725709545
approx,10000,8,4,20,10000,0.5,1.0,1961979125,,False,870.4877078533173,0.052114628388993264,0.07863298899175135,0.0623043702097001,0.030702139480154256
approx,10000,8,4,25,10000,0.5,1.0,2378741324,,False,1138.8946628570557,0.06344412537007646,0.04696151571395442,0.07824325456009852,0.045662445909473146
approx,10000,8,4,30,10000,0.5,1.0,2643031147,,False,1413.5642490386963,0.07839694226941164,0.05053347404540888,0.09840058730043326,0.05560133974586721
approx,10000,8,4,30,10000,0.5,1.0,2457026461,,False,1451.5341136455536,0.07818978202994174,0.07734545308033192,0.09542061015618307,0.050599706812516174
approx,10000,8,4,30,10000,3.0,1.0,2457026461,,False,1453.1631026268005,0.0380990245201418,0.09878176656814933,0.09542061015618307,0.0841104216791562
approx,10000,8,4,30,10000,3.0,1.0,2643031147,,False,1439.7618272304535,0.013771130813097058,0.014620571833758988,0.09840058730043326,0.0975309153466646
approx,10000,8,4,30,10000,0.5,1.0,2094276510,,False,1433.2180879116058,0.08384437922602235,0.06696394544463392,0.10377178238201018,0.050913449068488444
approx,10000,8,4,30,10000,3.0,1.0,2094276510,,False,1463.7639245986938,0.032252086988277764,0.03672360227224645,0.10377178238201021,0.09600764763143342
approx,10000,8,4,30,10000,3.0,1.0,2378741324,,False,1393.7890918254852,0.030793038325827284,0.03126095801493646,0.0938926696818391,0.08460569286696765
approx,10000,8,4,25,10000,3.0,1.0,1961979125,,False,1179.2927067279816,0.0175897946768976,0.01976708019036323,0.07813123529761906,0.0736850021774787
approx,10000,8,4,25,10000,0.5,1.0,1961979125,,False,1103.455332517624,0.06449273019813088,0.07873017815984618,0.07813123529761906,0.04201036799010689
approx,10000,8,4,30,10000,0.5,1.0,2378741324,,False,1369.7893476486206,0.0739656517872188,0.051587081293978425,0.09389266968183911,0.05811551778304957
approx,10000,8,4,35,10000,0.5,1.0,2643031147,,False,1658.1948072910309,0.0887738248528421,0.05246871164702052,0.113224729496267,0.06671138055353651
approx,10000,8,4,35,10000,3.0,1.0,2457026461,,False,1719.1359972953796,0.04300565222371054,0.11394472198542574,0.11111092214859251,0.09863675384420352
approx,10000,8,4,35,10000,3.0,1.0,2094276510,,False,1694.1676132678986,0.037143969812783346,0.03807206020528817,0.11981751128468911,0.11018521945329732
approx,10000,8,4,35,10000,3.0,1.0,2643031147,,False,1708.199847459793,0.014886191142654066,0.014780683367593533,0.11322472949626701,0.11251242706185031
approx,10000,8,4,35,10000,0.5,1.0,2457026461,,False,1725.0402071475983,0.08895522172251243,0.08569360600979034,0.11111092214859253,0.06224051509953902
approx,10000,8,4,35,10000,3.0,1.0,2378741324,,False,1671.269454240799,0.033231695714929996,0.034365755406381246,0.10928842440516084,0.10007739506538307
approx,10000,8,4,30,10000,3.0,1.0,1961979125,,False,1454.7665541172028,0.01867331745465935,0.02106455457319153,0.09527343140725303,0.0910620471390756
approx,10000,8,4,40,10000,3.0,1.0,2094276510,,False,1869.9212665557861,0.03947791688223198,0.03815695241851151,0.13514760516913554,0.12532304924736787
approx,10000,8,4,35,10000,0.5,1.0,2094276510,,False,1862.186582326889,0.09499655121189937,0.07062286661404645,0.11981751128468911,0.061871991376744
approx,10000,8,4,35,10000,0.5,1.0,2378741324,,False,1627.2249972820282,0.08426924019589999,0.05148224850396562,0.10928842440516084,0.0620190648278222
approx,10000,8,4,40,10000,3.0,1.0,2643031147,,False,1913.1224203109741,0.015663351377746652,0.014583111298015384,0.12932145014914367,0.12896897099752302
approx,10000,8,4,30,10000,0.5,1.0,1961979125,,False,1391.0086152553558,0.07627785247407265,0.08765588964780155,0.09527343140725303,0.05531513295448568
approx,10000,8,4,40,10000,0.5,1.0,2094276510,,False,1934.6751971244812,0.10462028965711241,0.07247394543645166,0.13514760516913554,0.07299403753754166
approx,10000,8,4,40,10000,0.5,1.0,2643031147,,False,1970.4562158584595,0.09920048746565115,0.056773248412996205,0.12932145014914367,0.07897060083500478
approx,10000,8,4,40,10000,0.5,1.0,2457026461,,False,1999.3598246574402,0.10197190996006437,0.06620867225027274,0.12691156141797685,0.06373188480533262
approx,10000,8,4,40,10000,3.0,1.0,2457026461,,False,2042.5654191970825,0.046004489588566,0.04207290297310234,0.12691156141797685,0.1153419227917721
approx,10000,8,4,40,10000,3.0,1.0,2378741324,,False,1938.2098317146301,0.03770256273491235,0.0377598659818778,0.12480650683202117,0.11334493511251895
approx,10000,8,4,45,10000,3.0,1.0,2094276510,,False,2117.714733839035,0.042010723804824075,0.04038996376258738,0.15075585806407482,0.1408022103785163
approx,10000,8,4,35,10000,3.0,1.0,1961979125,,False,1742.5951676368713,0.020243685783041684,0.023346971283343336,0.110466932492994,0.10675640945748463
approx,10000,8,4,45,10000,3.0,1.0,2643031147,,False,2155.6632504463196,0.016551082291758765,0.015480239418064734,0.1443038294057421,0.14490483999414738
approx,10000,8,4,45,10000,0.5,1.0,2457026461,,False,2221.755863904953,0.11280928757676541,0.06418308528727218,0.14370191262407261,0.07497626609843291
approx,10000,8,4,40,10000,0.5,1.0,2378741324,,False,1923.1384456157684,0.0938886278180821,0.05300434893504058,0.12480650683202117,0.0729117192779527
approx,10000,8,4,35,10000,0.5,1.0,1961979125,,False,1699.7302911281586,0.08647410340913642,0.09336467497277881,0.110466932492994,0.06767826939538059
approx,10000,8,4,45,10000,0.5,1.0,2643031147,,False,2243.585505962372,0.10862542079040706,0.06045608251543359,0.1443038294057421,0.09102603294685749
approx,10000,8,4,45,10000,0.5,1.0,2094276510,,False,2240.59455370903,0.11435328183463113,0.0766740963111588,0.1507558580640748,0.08456952763111658
approx,10000,8,4,45,10000,3.0,1.0,2457026461,,False,2301.240115404129,0.05045158074050802,0.042670109391837935,0.14370191262407264,0.12745396545585233
approx,10000,8,4,40,10000,3.0,1.0,1961979125,,False,1950.6474187374115,0.02100530372454887,0.02343731184149021,0.12415982727968985,0.12138568906105496
approx,10000,8,4,45,10000,3.0,1.0,2378741324,,False,2233.5224120616913,0.042850546212136555,0.03693871206383193,0.14107348946518605,0.12696343417156467
approx,10000,8,4,45,10000,0.5,1.0,2378741324,,False,2152.5231289863586,0.10376068702261827,0.055897295348212576,0.14107348946518605,0.08414280010048698
approx,10000,8,4,50,10000,0.5,1.0,2457026461,,False,2506.336007118225,0.12331745200172817,0.06796713297577177,0.1598551703710365,0.0862985840992517
approx,10000,8,4,50,10000,3.0,1.0,2094276510,,False,2498.3728065490723,0.0445621417019834,0.04343297012024085,0.166905595139332,0.15725119440847402
approx,10000,8,4,50,10000,0.5,1.0,2643031147,,False,2518.582645177841,0.12100303105482427,0.06863336012804462,0.16060897152845768,0.09145687301330092
approx,10000,8,4,50,10000,3.0,1.0,2643031147,,False,2526.2908730506897,0.016922661934199425,0.016709498834508087,0.16060897152845768,0.16169542669590808
approx,10000,8,4,50,10000,3.0,1.0,2457026461,,False,2592.6564013957977,0.05480976389769409,0.04517505727237811,0.15985517037103653,0.14091739479311216
approx,10000,8,4,45,10000,3.0,1.0,1961979125,,False,2168.3332817554474,0.019755634497388874,0.019606446753838158,0.14083468033405946,0.1396532037555627
approx,10000,8,4,50,10000,0.5,1.0,2094276510,,False,2562.52414226532,0.12438772474399876,0.07791071799182304,0.166905595139332,0.097442541805213
approx,10000,8,4,50,10000,3.0,1.0,2378741324,,False,2474.3407170772552,0.0452425627356069,0.03765919404052582,0.15723316520218922,0.14336367985640794
approx,10000,8,4,45,10000,0.5,1.0,1961979125,,False,2134.2438147068024,0.10456348151294532,0.05605634053471365,0.14083468033405944,0.09404195626752415
approx,10000,8,4,55,10000,0.5,1.0,2457026461,,False,2789.1006615161896,0.1318998159557478,0.06788489067894721,0.17457446958899026,0.09769427633713396
approx,10000,8,4,55,10000,3.0,1.0,2094276510,,False,2769.96146440506,0.04654932354921749,0.04396386061906988,0.1812080253139854,0.1717426745737545
approx,10000,8,4,55,10000,0.5,1.0,2643031147,,False,2786.5463774204254,0.13168441223855498,0.06783186005479336,0.17692436612365642,0.10443870814320311
approx,10000,8,4,55,10000,3.0,1.0,2643031147,,False,2789.793850660324,0.01752935458775619,0.023078846611100677,0.17692436612365642,0.17991333554722966
approx,10000,8,4,55,10000,0.5,1.0,2094276510,,False,2763.9166758060455,0.1322243124988984,0.08205066282042708,0.1812080253139854,0.10968601821335526
approx,10000,8,4,50,10000,0.5,1.0,2378741324,,False,2511.7684676647186,0.11267826952406101,0.060678008888266216,0.15723316520218922,0.09777104136160172
approx,10000,8,4,55,10000,3.0,1.0,2457026461,,False,2887.08118891716,0.056751072724588,0.03824329520180674,0.17457446958899026,0.15540546563979546
approx,10000,8,4,55,10000,3.0,1.0,2378741324,,False,2692.804614543915,0.04757593158976124,0.034777225389798425,0.1742355725240839,0.1599473015629146
approx,10000,8,4,55,10000,0.5,1.0,2378741324,,False,2713.821706056595,0.1215377914082074,0.0522772482913962,0.1742355725240839,0.10998284341438846
approx,10000,8,4,50,10000,3.0,1.0,1961979125,,False,2596.068506002426,0.019800652091314243,0.020023421478235836,0.15581957470488253,0.15466306377369965
approx,10000,8,4,50,10000,0.5,1.0,1961979125,,False,2552.667639732361,0.11345772051264463,0.054833259429112186,0.15581957470488253,0.10651730787072529
approx,10000,8,4,55,10000,0.5,1.0,1961979125,,False,2642.809488296509,0.1237123944006027,0.05486353350036691,0.17203932634326902,0.10784885668293619
approx,10000,8,4,55,10000,3.0,1.0,1961979125,,False,2772.0404913425446,0.0225784510278443,0.0195795832024361,0.17203932634326902,0.16856525556852842
